frequency_hz,frequency_mhz,depth_m,depth_mm,path_loss_db,snr_db,tissue_model
100000000.0,100.0,0.005,5.0,-23.75020302169862,132.45194925585332,skin+fat+muscle+bone
159183673.46938777,159.18367346938777,0.005,5.0,-19.676633933002602,128.3338270812314,skin+fat+muscle+bone
218367346.9387755,218.3673469387755,0.005,5.0,-16.911293644088282,125.53536084752584,skin+fat+muscle+bone
277551020.40816325,277.55102040816325,0.005,5.0,-14.816268018500558,123.41126504118073,skin+fat+muscle+bone
336734693.877551,336.734693877551,0.005,5.0,-13.129473889799131,121.69678009270636,skin+fat+muscle+bone
395918367.3469388,395.9183673469388,0.005,5.0,-11.717515690454674,120.2573682041455,skin+fat+muscle+bone
455102040.8163265,455.1020408163265,0.005,5.0,-10.499452753839462,119.0172870522919,skin+fat+muscle+bone
514285714.28571427,514.2857142857142,0.005,5.0,-9.423754793978873,117.92983429201352,skin+fat+muscle+bone
573469387.755102,573.469387755102,0.005,5.0,-8.464056989842504,116.95921618580994,skin+fat+muscle+bone
632653061.2244898,632.6530612244898,0.005,5.0,-7.5974605408252085,116.08231001270767,skin+fat+muscle+bone
691836734.6938776,691.8367346938776,0.005,5.0,-6.807233317785235,115.28224112201313,skin+fat+muscle+bone
751020408.1632653,751.0204081632653,0.005,5.0,-6.080776439414209,114.54631725464975,skin+fat+muscle+bone
810204081.632653,810.204081632653,0.005,5.0,-5.408365436687234,113.86475139785189,skin+fat+muscle+bone
869387755.1020408,869.3877551020407,0.005,5.0,-4.782336890457977,113.22983761306021,skin+fat+muscle+bone
928571428.5714285,928.5714285714286,0.005,5.0,-4.196552042269934,112.63228765481233,skin+fat+muscle+bone
987755102.0408163,987.7551020408163,0.005,5.0,-3.6461153679459977,112.05967998813307,skin+fat+muscle+bone
1046938775.5102041,1046.938775510204,0.005,5.0,-3.126928369611097,111.51830927347989,skin+fat+muscle+bone
1106122448.9795918,1106.1224489795918,0.005,5.0,-2.6355460682754277,111.00472766277886,skin+fat+muscle+bone
1165306122.4489796,1165.3061224489795,0.005,5.0,-2.169063007550464,110.51602745136849,skin+fat+muscle+bone
1224489795.9183674,1224.4897959183675,0.005,5.0,-1.72500614919264,110.04973381277674,skin+fat+muscle+bone
1283673469.3877552,1283.6734693877552,0.005,5.0,-1.3012530948706165,109.60372290721631,skin+fat+muscle+bone
1342857142.857143,1342.857142857143,0.005,5.0,-0.8959687710013307,109.17615848506706,skin+fat+muscle+bone
1402040816.3265307,1402.0408163265306,0.005,5.0,-0.5075557898656609,108.76544218854737,skin+fat+muscle+bone
1461224489.7959185,1461.2244897959185,0.005,5.0,-0.13461508831671665,108.37017414630586,skin+fat+muscle+bone
1520408163.265306,1520.408163265306,0.005,5.0,0.22408560829272567,107.98912140414302,skin+fat+muscle+bone
1579591836.7346938,1579.5918367346937,0.005,5.0,0.5696372926654669,107.6211923931394,skin+fat+muscle+bone
1638775510.2040815,1638.7755102040815,0.005,5.0,0.903010485202121,107.26541610048416,skin+fat+muscle+bone
1697959183.6734693,1697.9591836734694,0.005,5.0,1.2250723478921084,106.9209249403563,skin+fat+muscle+bone
1757142857.142857,1757.142857142857,0.005,5.0,1.536600863161524,106.58694056308516,skin+fat+muscle+bone
1816326530.6122448,1816.3265306122448,0.005,5.0,1.8382966617503205,106.26276201774365,skin+fat+muscle+bone
1875510204.0816326,1875.5102040816325,0.005,5.0,2.1307929524288505,105.94775581479452,skin+fat+muscle+bone
1934693877.5510204,1934.6938775510205,0.005,5.0,2.41466390776933,105.64134753415055,skin+fat+muscle+bone
1993877551.0204082,1993.8775510204082,0.005,5.0,2.690431785389869,105.34301469891221,skin+fat+muscle+bone
2053061224.489796,2053.061224489796,0.005,5.0,2.9585730068151004,105.05228069239689,skin+fat+muscle+bone
2112244897.9591837,2112.2448979591836,0.005,5.0,3.2195233718594856,104.7687095403681,skin+fat+muscle+bone
2171428571.4285717,2171.4285714285716,0.005,5.0,3.4736825519922108,104.4919014148624,skin+fat+muscle+bone
2230612244.897959,2230.612244897959,0.005,5.0,3.721417979113232,104.22148874307258,skin+fat+muscle+bone
2289795918.367347,2289.795918367347,0.005,5.0,3.9630682248088323,103.9571328261314,skin+fat+muscle+bone
2348979591.836735,2348.979591836735,0.005,5.0,4.1989459481586495,103.69852088965402,skin+fat+muscle+bone
2408163265.3061223,2408.1632653061224,0.005,5.0,4.429941366370636,103.44301407894443,skin+fat+muscle+bone
2467346938.7755103,2467.3469387755104,0.005,5.0,4.659467590176773,103.17793543917624,skin+fat+muscle+bone
2526530612.244898,2526.530612244898,0.005,5.0,4.884011025272582,102.91766269766549,skin+fat+muscle+bone
2585714285.714286,2585.714285714286,0.005,5.0,5.103803836223698,102.66196283516801,skin+fat+muscle+bone
2644897959.1836734,2644.8979591836733,0.005,5.0,5.319062419063984,102.4106185371311,skin+fat+muscle+bone
2704081632.6530614,2704.081632653061,0.005,5.0,5.529988798515157,102.16342680156306,skin+fat+muscle+bone
2763265306.122449,2763.265306122449,0.005,5.0,5.736771873814074,101.92019769760884,skin+fat+muscle+bone
2822448979.591837,2822.448979591837,0.005,5.0,5.93958853241455,101.6807532556639,skin+fat+muscle+bone
2881632653.0612245,2881.6326530612246,0.005,5.0,6.13860464802933,101.44492647264366,skin+fat+muscle+bone
2940816326.530612,2940.816326530612,0.005,5.0,6.333975977132738,101.21256041835784,skin+fat+muscle+bone
3000000000.0,3000.0,0.005,5.0,6.525848966073415,100.98350743089942,skin+fat+muscle+bone
100000000.0,100.0,0.01,10.0,-21.10670536652062,129.3747321825376,skin+fat+muscle+bone
159183673.46938777,159.18367346938777,0.01,10.0,-17.019220288517356,125.17645828653309,skin+fat+muscle+bone
218367346.9387755,218.3673469387755,0.01,10.0,-14.247306237464052,122.3253093190166,skin+fat+muscle+bone
277551020.40816325,277.55102040816325,0.01,10.0,-12.14872839777846,120.16022032002653,skin+fat+muscle+bone
336734693.877551,336.734693877551,0.01,10.0,-10.45979678197173,118.41015113995158,skin+fat+muscle+bone
395918367.3469388,395.9183673469388,0.01,10.0,-9.046434741363623,116.93768307715624,skin+fat+muscle+bone
455102040.8163265,455.1020408163265,0.01,10.0,-7.8258662587474905,115.66758343580774,skin+fat+muscle+bone
514285714.28571427,514.2857142857142,0.01,10.0,-6.745318485276476,114.55459146991866,skin+fat+muscle+bone
573469387.755102,573.469387755102,0.01,10.0,-5.78087530595454,113.55947083998218,skin+fat+muscle+bone
632653061.2244898,632.6530612244898,0.01,10.0,-4.909602392139274,112.6587659723615,skin+fat+muscle+bone
691836734.6938776,691.8367346938776,0.01,10.0,-4.114745518368624,111.83538827834863,skin+fat+muscle+bone
751020408.1632653,751.0204081632653,0.01,10.0,-3.3836914567320253,111.07650295303058,skin+fat+muscle+bone
810204081.632653,810.204081632653,0.01,10.0,-2.7067060793630238,110.37222500122681,skin+fat+muscle+bone
869387755.1020408,869.3877551020407,0.01,10.0,-2.076119259860355,109.71477927843553,skin+fat+muscle+bone
928571428.5714285,928.5714285714286,0.01,10.0,-1.4855103634857567,109.09171531302763,skin+fat+muscle+bone
987755102.0408163,987.7551020408163,0.01,10.0,-0.929325726303995,108.48317927941513,skin+fat+muscle+bone
1046938775.5102041,1046.938775510204,0.01,10.0,-0.4043957152807057,107.90587791945683,skin+fat+muscle+bone
1106122448.9795918,1106.1224489795918,0.01,10.0,0.09272611306195333,107.3563531265862,skin+fat+muscle+bone
1165306122.4489796,1165.3061224489795,0.01,10.0,0.5649463479477993,106.83168913791465,skin+fat+muscle+bone
1224489795.9183674,1224.4897959183675,0.01,10.0,1.0147389165774707,106.32940470348707,skin+fat+muscle+bone
1283673469.3877552,1283.6734693877552,0.01,10.0,1.444226923946617,105.84737079359871,skin+fat+muscle+bone
1342857142.857143,1342.857142857143,0.01,10.0,1.8552460120180874,105.38374691267397,skin+fat+muscle+bone
1402040816.3265307,1402.0408163265306,0.01,10.0,2.2493940305784927,104.93693118854648,skin+fat+muscle+bone
1461224489.7959185,1461.2244897959185,0.01,10.0,2.6280704221095794,104.50552080902956,skin+fat+muscle+bone
1520408163.265306,1520.408163265306,0.01,10.0,2.9925077754908442,104.08828033351261,skin+fat+muscle+bone
1579591836.7346938,1579.5918367346937,0.01,10.0,3.3437973459028703,103.68411607019738,skin+fat+muscle+bone
1638775510.2040815,1638.7755102040815,0.01,10.0,3.6829098746929994,103.29205517680268,skin+fat+muscle+bone
1697959183.6734693,1697.9591836734694,0.01,10.0,4.0107127111802265,102.9112284767878,skin+fat+muscle+bone
1757142857.142857,1757.142857142857,0.01,10.0,4.327983997689784,102.54085622550414,skin+fat+muscle+bone
1816326530.6122448,1816.3265306122448,0.01,10.0,4.635424502311129,102.18023623864627,skin+fat+muscle+bone
1875510204.0816326,1875.5102040816325,0.01,10.0,4.933667552497869,101.82873392757199,skin+fat+muscle+bone
1934693877.5510204,1934.6938775510205,0.01,10.0,5.2232874239535345,101.48577388532314,skin+fat+muscle+bone
1993877551.0204082,1993.8775510204082,0.01,10.0,5.504806464391766,101.15083274246061,skin+fat+muscle+bone
2053061224.489796,2053.061224489796,0.01,10.0,5.778701174443864,100.82343306945268,skin+fat+muscle+bone
2112244897.9591837,2112.2448979591836,0.01,10.0,6.045407423718218,100.50313814685568,skin+fat+muscle+bone
2171428571.4285717,2171.4285714285716,0.01,10.0,6.3053249455460945,100.1895474591661,skin+fat+muscle+bone
2230612244.897959,2230.612244897959,0.01,10.0,6.558821226901887,99.88229279539993,skin+fat+muscle+bone
2289795918.367347,2289.795918367347,0.01,10.0,6.806234888611949,99.58103486092638,skin+fat+muscle+bone
2348979591.836735,2348.979591836735,0.01,10.0,7.047878633959916,99.2854603221646,skin+fat+muscle+bone
2408163265.3061223,2408.1632653061224,0.01,10.0,7.286270404761442,98.99058037427208,skin+fat+muscle+bone
2467346938.7755103,2467.3469387755104,0.01,10.0,7.533370901598436,98.67130896582863,skin+fat+muscle+bone
2526530612.244898,2526.530612244898,0.01,10.0,7.77549529296483,98.35665035927369,skin+fat+muscle+bone
2585714285.714286,2585.714285714286,0.01,10.0,8.012875891204086,98.04637003826556,skin+fat+muscle+bone
2644897959.1836734,2644.8979591836733,0.01,10.0,8.245729232969488,97.7402491752144,skin+fat+muscle+bone
2704081632.6530614,2704.081632653061,0.01,10.0,8.474257476672358,97.43808323884338,skin+fat+muscle+bone
2763265306.122449,2763.265306122449,0.01,10.0,8.698649648580313,97.13968075246093,skin+fat+muscle+bone
2822448979.591837,2822.448979591837,0.01,10.0,8.919082756815762,96.84486218377475,skin+fat+muscle+bone
2881632653.0612245,2881.6326530612246,0.01,10.0,9.135722789707941,96.55345894986374,skin+fat+muscle+bone
2940816326.530612,2940.816326530612,0.01,10.0,9.348725612610174,96.2653125232562,skin+fat+muscle+bone
3000000000.0,3000.0,0.01,10.0,9.558237775325237,95.98027362702308,skin+fat+muscle+bone
100000000.0,100.0,0.015,15.0,-18.720178590651116,126.85808958122679,skin+fat+muscle+bone
159183673.46938777,159.18367346938777,0.015,15.0,-14.572412510887855,122.57966396383969,skin+fat+muscle+bone
218367346.9387755,218.3673469387755,0.015,15.0,-11.761648417525189,119.67583226251223,skin+fat+muscle+bone
277551020.40816325,277.55102040816325,0.015,15.0,-9.633309678758765,117.46975007087721,skin+fat+muscle+bone
336734693.877551,336.734693877551,0.015,15.0,-7.918827854700034,115.68409665920166,skin+fat+muscle+bone
395918367.3469388,395.9183673469388,0.015,15.0,-6.481905339748698,114.17857242217185,skin+fat+muscle+bone
455102040.8163265,455.1020408163265,0.015,15.0,-5.239572250685864,112.87845429132847,skin+fat+muscle+bone
514285714.28571427,514.2857142857142,0.015,15.0,-4.1396920892042255,111.73992311982867,skin+fat+muscle+bone
573469387.755102,573.469387755102,0.015,15.0,-3.1566735307136,110.7202999661593,skin+fat+muscle+bone
632653061.2244898,632.6530612244898,0.015,15.0,-2.2673385912960544,109.79579640402021,skin+fat+muscle+bone
691836734.6938776,691.8367346938776,0.015,15.0,-1.4547766599833643,108.94910990668902,skin+fat+muscle+bone
751020408.1632653,751.0204081632653,0.015,15.0,-0.7062704227988224,108.16726312341628,skin+fat+muscle+bone
810204081.632653,810.204081632653,0.015,15.0,-0.012014266533074469,107.4402730766066,skin+fat+muscle+bone
869387755.1020408,869.3877551020407,0.015,15.0,0.6357123915513363,106.76029541581572,skin+fat+muscle+bone
928571428.5714285,928.5714285714286,0.015,15.0,1.245628307393914,106.1117174432478,skin+fat+muscle+bone
987755102.0408163,987.7551020408163,0.015,15.0,1.8286871902862993,105.46725304270204,skin+fat+muscle+bone
1046938775.5102041,1046.938775510204,0.015,15.0,2.380491556829682,104.85402103743864,skin+fat+muscle+bone
1106122448.9795918,1106.1224489795918,0.015,15.0,2.9044954707931656,104.2685530623984,skin+fat+muscle+bone
1165306122.4489796,1165.3061224489795,0.015,15.0,3.403611502010091,103.70792529646569,skin+fat+muscle+bone
1224489795.9183674,1224.4897959183675,0.015,15.0,3.8803183408063924,103.1696500662023,skin+fat+muscle+bone
1283673469.3877552,1283.6734693877552,0.015,15.0,4.336742937119228,102.651593151986,skin+fat+muscle+bone
1342857142.857143,1342.857142857143,0.015,15.0,4.774724075594209,102.15190981228574,skin+fat+muscle+bone
1402040816.3265307,1402.0408163265306,0.015,15.0,5.195862204707495,101.66899466055045,skin+fat+muscle+bone
1461224489.7959185,1461.2244897959185,0.015,15.0,5.60155893932601,101.20144194375813,skin+fat+muscle+bone
1520408163.265306,1520.408163265306,0.015,15.0,5.993048703086688,100.74801373488708,skin+fat+muscle+bone
1579591836.7346938,1579.5918367346937,0.015,15.0,6.3714243159286355,100.30761421926023,skin+fat+muscle+bone
1638775510.2040815,1638.7755102040815,0.015,15.0,6.737657866112432,99.87926872512605,skin+fat+muscle+bone
1697959183.6734693,1697.9591836734694,0.015,15.0,7.092617872659737,99.46210648522418,skin+fat+muscle+bone
1757142857.142857,1757.142857142857,0.015,15.0,7.437083502350104,99.055346359928,skin+fat+muscle+bone
1816326530.6122448,1816.3265306122448,0.015,15.0,7.771756427842659,98.65828493155378,skin+fat+muscle+bone
1875510204.0816326,1875.5102040816325,0.015,15.0,8.097270781569474,98.27028651235432,skin+fat+muscle+bone
1934693877.5510204,1934.6938775510205,0.015,15.0,8.414201560983106,97.89077470850062,skin+fat+muscle+bone
1993877551.0204082,1993.8775510204082,0.015,15.0,8.723071765603587,97.51922525801388,skin+fat+muscle+bone
2053061224.489796,2053.061224489796,0.015,15.0,9.024358488788568,97.15515991851333,skin+fat+muscle+bone
2112244897.9591837,2112.2448979591836,0.015,15.0,9.31849814272967,96.79814122534812,skin+fat+muscle+bone
2171428571.4285717,2171.4285714285716,0.015,15.0,9.605890960594792,96.44776797547469,skin+fat+muscle+bone
2230612244.897959,2230.612244897959,0.015,15.0,9.886904892604457,96.10367131973217,skin+fat+muscle+bone
2289795918.367347,2289.795918367347,0.015,15.0,10.161878991391529,95.76551136772622,skin+fat+muscle+bone
2348979591.836735,2348.979591836735,0.015,15.0,10.43112636493802,95.43297422668005,skin+fat+muscle+bone
2408163265.3061223,2408.1632653061224,0.015,15.0,10.699298237544447,95.09872114160461,skin+fat+muscle+bone
2467346938.7755103,2467.3469387755104,0.015,15.0,10.989605954363384,94.7252569644859,skin+fat+muscle+bone
2526530612.244898,2526.530612244898,0.015,15.0,11.275074738141893,94.35621249288675,skin+fat+muscle+bone
2585714285.714286,2585.714285714286,0.015,15.0,11.555937993525038,93.99135171336799,skin+fat+muscle+bone
2644897959.1836734,2644.8979591836733,0.015,15.0,11.83241335847795,93.63045428530259,skin+fat+muscle+bone
2704081632.6530614,2704.081632653061,0.015,15.0,12.104704102018424,93.27331414812858,skin+fat+muscle+bone
2763265306.122449,2763.265306122449,0.015,15.0,12.373000370608858,92.91973827931788,skin+fat+muscle+bone
2822448979.591837,2822.448979591837,0.015,15.0,12.637480302453664,92.56954558389046,skin+fat+muscle+bone
2881632653.0612245,2881.6326530612246,0.015,15.0,12.898311026152594,92.22256589908869,skin+fat+muscle+bone
2940816326.530612,2940.816326530612,0.015,15.0,13.155649557819679,91.87863910015943,skin+fat+muscle+bone
3000000000.0,3000.0,0.015,15.0,13.409643608809349,91.53761429515161,skin+fat+muscle+bone
100000000.0,100.0,0.02,20.0,-16.558111328548925,124.6960223191246,skin+fat+muscle+bone
159183673.46938777,159.18367346938777,0.02,20.0,-12.330193527403075,120.33744498035492,skin+fat+muscle+bone
218367346.9387755,218.3673469387755,0.02,20.0,-9.46674670022945,117.3809305452165,skin+fat+muscle+bone
277551020.40816325,277.55102040816325,0.02,20.0,-7.297414768818072,115.13385516093652,skin+fat+muscle+bone
336734693.877551,336.734693877551,0.02,20.0,-5.547348713158747,113.31261751766037,skin+fat+muscle+bone
395918367.3469388,395.9183673469388,0.02,20.0,-4.077370023972945,111.77403710639611,skin+fat+muscle+bone
455102040.8163265,455.1020408163265,0.02,20.0,-2.80501844541521,110.44390048605781,skin+fat+muscle+bone
514285714.28571427,514.2857142857142,0.02,20.0,-1.6795990783228625,109.27983010894731,skin+fat+muscle+bone
573469387.755102,573.469387755102,0.02,20.0,-0.6720779960993548,108.23570443154506,skin+fat+muscle+bone
632653061.2244898,632.6530612244898,0.02,20.0,0.24105563783660355,107.28740217488756,skin+fat+muscle+bone
691836734.6938776,691.8367346938776,0.02,20.0,1.07692637246763,106.41740687423801,skin+fat+muscle+bone
751020408.1632653,751.0204081632653,0.02,20.0,1.8483940676068433,105.6125986330106,skin+fat+muscle+bone
810204081.632653,810.204081632653,0.02,20.0,2.5653623188785057,104.86289649119502,skin+fat+muscle+bone
869387755.1020408,869.3877551020407,0.02,20.0,3.2356209149625155,104.16038689240455,skin+fat+muscle+bone
928571428.5714285,928.5714285714286,0.02,20.0,3.87105083796511,103.48629491267661,skin+fat+muscle+bone
987755102.0408163,987.7551020408163,0.02,20.0,4.490038087790747,102.80590214519759,skin+fat+muscle+bone
1046938775.5102041,1046.938775510204,0.02,20.0,5.077773099639239,102.15673949462908,skin+fat+muscle+bone
1106122448.9795918,1106.1224489795918,0.02,20.0,5.6377201957723315,101.53532833741923,skin+fat+muscle+bone
1165306122.4489796,1165.3061224489795,0.02,20.0,6.172800004250421,100.93873679422535,skin+fat+muscle+bone
1224489795.9183674,1224.4897959183675,0.02,20.0,6.685497638882551,100.36447076812613,skin+fat+muscle+bone
1283673469.3877552,1283.6734693877552,0.02,20.0,7.177945239523311,99.81039084958192,skin+fat+muscle+bone
1342857142.857143,1342.857142857143,0.02,20.0,7.651985836773806,99.27464805110614,skin+fat+muscle+bone
1402040816.3265307,1402.0408163265306,0.02,20.0,8.109223393494887,98.75563347176306,skin+fat+muscle+bone
1461224489.7959185,1461.2244897959185,0.02,20.0,8.551062465388807,98.25193841769533,skin+fat+muscle+bone
1520408163.265306,1520.408163265306,0.02,20.0,8.978739962503587,97.76232247547019,skin+fat+muscle+bone
1579591836.7346938,1579.5918367346937,0.02,20.0,9.393350827657152,97.28568770753171,skin+fat+muscle+bone
1638775510.2040815,1638.7755102040815,0.02,20.0,9.795868978580422,96.82105761265807,skin+fat+muscle+bone
1697959183.6734693,1697.9591836734694,0.02,20.0,10.18716452501473,96.36755983286918,skin+fat+muscle+bone
1757142857.142857,1757.142857142857,0.02,20.0,10.568018028717617,95.92441183356048,skin+fat+muscle+bone
1816326530.6122448,1816.3265306122448,0.02,20.0,10.939132395726528,95.49090896366991,skin+fat+muscle+bone
1875510204.0816326,1875.5102040816325,0.02,20.0,11.301142857578503,95.0664144363453,skin+fat+muscle+bone
1934693877.5510204,1934.6938775510205,0.02,20.0,11.654625398597002,94.65035087088673,skin+fat+muscle+bone
1993877551.0204082,1993.8775510204082,0.02,20.0,12.000103910841691,94.24219311277577,skin+fat+muscle+bone
2053061224.489796,2053.061224489796,0.02,20.0,12.338056300519277,93.84146210678263,skin+fat+muscle+bone
2112244897.9591837,2112.2448979591836,0.02,20.0,12.668919725028598,93.4477196430492,skin+fat+muscle+bone
2171428571.4285717,2171.4285714285716,0.02,20.0,12.993095105077577,93.0605638309919,skin+fat+muscle+bone
2230612244.897959,2230.612244897959,0.02,20.0,13.31095102906359,92.67962518327303,skin+fat+muscle+bone
2289795918.367347,2289.795918367347,0.02,20.0,13.622827145383047,92.30456321373471,skin+fat+muscle+bone
2348979591.836735,2348.979591836735,0.02,20.0,13.92903712121394,91.93506347040412,skin+fat+muscle+bone
2408163265.3061223,2408.1632653061224,0.02,20.0,14.236582131003285,91.56143724814578,skin+fat+muscle+bone
2467346938.7755103,2467.3469387755104,0.02,20.0,14.581082616497486,91.1337803023518,skin+fat+muscle+bone
2526530612.244898,2526.530612244898,0.02,20.0,14.92093726532019,90.71034996570847,skin+fat+muscle+bone
2585714285.714286,2585.714285714286,0.02,20.0,15.256380979213976,90.29090872767905,skin+fat+muscle+bone
2644897959.1836734,2644.8979591836733,0.02,20.0,15.587632909181137,89.87523473459939,skin+fat+muscle+bone
2704081632.6530614,2704.081632653061,0.02,20.0,15.9148978535246,89.4631203966224,skin+fat+muscle+bone
2763265306.122449,2763.265306122449,0.02,20.0,16.23836750454327,89.05437114538347,skin+fat+muscle+bone
2822448979.591837,2822.448979591837,0.02,20.0,16.558221563129315,88.6488043232148,skin+fat+muscle+bone
2881632653.0612245,2881.6326530612246,0.02,20.0,16.874628737719014,88.24624818752227,skin+fat+muscle+bone
2940816326.530612,2940.816326530612,0.02,20.0,17.18774764170782,87.84654101627129,skin+fat+muscle+bone
3000000000.0,3000.0,0.02,20.0,17.497727601472178,87.4495303024888,skin+fat+muscle+bone
100000000.0,100.0,0.025,25.0,-14.64073319478696,122.77864418536264,skin+fat+muscle+bone
159183673.46938777,159.18367346938777,0.025,25.0,-10.332663672258526,118.33991512521035,skin+fat+muscle+bone
218367346.9387755,218.3673469387755,0.025,25.0,-7.416534111273941,115.33071795626098,skin+fat+muscle+bone
277551020.40816325,277.55102040816325,0.025,25.0,-5.206208987217609,113.04264937933605,skin+fat+muscle+bone
336734693.877551,336.734693877551,0.025,25.0,-3.420558699957691,111.18582750445931,skin+fat+muscle+bone
395918367.3469388,395.9183673469388,0.025,25.0,-1.917523836537422,109.61419091896059,skin+fat+muscle+bone
455102040.8163265,455.1020408163265,0.025,25.0,-0.6151537684847885,108.25403580912739,skin+fat+muscle+bone
514285714.28571427,514.2857142857142,0.025,25.0,0.5358048042182713,107.06442622640617,skin+fat+muscle+bone
573469387.755102,573.469387755102,0.025,25.0,1.5678284101746587,105.99579802527104,skin+fat+muscle+bone
632653061.2244898,632.6530612244898,0.025,25.0,2.5047607386290283,105.02369707409513,skin+fat+muscle+bone
691836734.6938776,691.8367346938776,0.025,25.0,3.3639402765783912,104.13039297012725,skin+fat+muscle+bone
751020408.1632653,751.0204081632653,0.025,25.0,4.158369429672281,103.30262327094518,skin+fat+muscle+bone
810204081.632653,810.204081632653,0.025,25.0,4.898049775949857,102.53020903412366,skin+fat+muscle+bone
869387755.1020408,869.3877551020407,0.025,25.0,5.590840310033464,101.80516749733358,skin+fat+muscle+bone
928571428.5714285,928.5714285714286,0.025,25.0,6.251784240196076,101.10556151044564,skin+fat+muscle+bone
987755102.0408163,987.7551020408163,0.025,25.0,6.9066998569549645,100.38924037603337,skin+fat+muscle+bone
1046938775.5102041,1046.938775510204,0.025,25.0,7.530365514108567,99.70414708015976,skin+fat+muscle+bone
1106122448.9795918,1106.1224489795918,0.025,25.0,8.126255792411268,99.04679274078029,skin+fat+muscle+bone
1165306122.4489796,1165.3061224489795,0.025,25.0,8.697299378150522,98.41423742032525,skin+fat+muscle+bone
1224489795.9183674,1224.4897959183675,0.025,25.0,9.245987808618478,97.8039805983902,skin+fat+muscle+bone
1283673469.3877552,1283.6734693877552,0.025,25.0,9.774458413587165,97.21387767551806,skin+fat+muscle+bone
1342857142.857143,1342.857142857143,0.025,25.0,10.284558469613172,96.64207541826677,skin+fat+muscle+bone
1402040816.3265307,1402.0408163265306,0.025,25.0,10.777895453942048,96.0869614113159,skin+fat+muscle+bone
1461224489.7959185,1461.2244897959185,0.025,25.0,11.255876863111375,95.54712401997276,skin+fat+muscle+bone
1520408163.265306,1520.408163265306,0.025,25.0,11.719742093580255,95.02132034439352,skin+fat+muscle+bone
1579591836.7346938,1579.5918367346937,0.025,25.0,12.170588211045441,94.50845032414342,skin+fat+muscle+bone
1638775510.2040815,1638.7755102040815,0.025,25.0,12.60939096270818,94.0075356285303,skin+fat+muscle+bone
1697959183.6734693,1697.9591836734694,0.025,25.0,13.037022049029495,93.51770230885441,skin+fat+muscle+bone
1757142857.142857,1757.142857142857,0.025,25.0,13.454263426744902,93.0381664355332,skin+fat+muscle+bone
1816326530.6122448,1816.3265306122448,0.025,25.0,13.861819235270163,92.56822212412628,skin+fat+muscle+bone
1875510204.0816326,1875.5102040816325,0.025,25.0,14.260325805247302,92.10723148867649,skin+fat+muscle+bone
1934693877.5510204,1934.6938775510205,0.025,25.0,14.650360107870668,91.65461616161306,skin+fat+muscle+bone
1993877551.0204082,1993.8775510204082,0.025,25.0,15.03244692773956,91.2098500958779,skin+fat+muscle+bone
2053061224.489796,2053.061224489796,0.025,25.0,15.407064983909757,90.77245342339215,skin+fat+muscle+bone
2112244897.9591837,2112.2448979591836,0.025,25.0,15.774652178987296,90.34198718909049,skin+fat+muscle+bone
2171428571.4285717,2171.4285714285716,0.025,25.0,16.135610121220136,89.91804881484934,skin+fat+muscle+bone
2230612244.897959,2230.612244897959,0.025,25.0,16.490308037182494,89.50026817515413,skin+fat+muscle+bone
2289795918.367347,2289.795918367347,0.025,25.0,16.83908617103434,89.08830418808341,skin+fat+muscle+bone
2348979591.836735,2348.979591836735,0.025,25.0,17.18225874914963,88.68184184246843,skin+fat+muscle+bone
2408163265.3061223,2408.1632653061224,0.025,25.0,17.529176896121893,88.26884248302717,skin+fat+muscle+bone
2467346938.7755103,2467.3469387755104,0.025,25.0,17.92787015029136,87.78699276855792,skin+fat+muscle+bone
2526530612.244898,2526.530612244898,0.025,25.0,18.322110664158256,87.3091765668704,skin+fat+muscle+bone
2585714285.714286,2585.714285714286,0.025,25.0,18.712134836562683,86.83515487033034,skin+fat+muscle+bone
2644897959.1836734,2644.8979591836733,0.025,25.0,19.098163331544093,86.36470431223644,skin+fat+muscle+bone
2704081632.6530614,2704.081632653061,0.025,25.0,19.480402476690546,85.89761577345645,skin+fat+muscle+bone
2763265306.122449,2763.265306122449,0.025,25.0,19.859045510137456,85.43369313978928,skin+fat+muscle+bone
2822448979.591837,2822.448979591837,0.025,25.0,20.23427369546474,84.97275219087938,skin+fat+muscle+bone
2881632653.0612245,2881.6326530612246,0.025,25.0,20.6062573209452,84.51461960429609,skin+fat+muscle+bone
2940816326.530612,2940.816326530612,0.025,25.0,20.975156597255726,84.05913206072339,skin+fat+muscle+bone
3000000000.0,3000.0,0.025,25.0,21.34112246579478,83.60613543816618,skin+fat+muscle+bone
100000000.0,100.0,0.030000000000000002,30.000000000000004,-12.902451914083533,121.0403629046592,skin+fat+muscle+bone
159183673.46938777,159.18367346938777,0.030000000000000002,30.000000000000004,-8.514230670172509,116.52148212312434,skin+fat+muscle+bone
218367346.9387755,218.3673469387755,0.030000000000000002,30.000000000000004,-5.545418375376965,113.459602220364,skin+fat+muscle+bone
277551020.40816325,277.55102040816325,0.030000000000000002,30.000000000000004,-3.2941000586756783,111.13054045079411,skin+fat+muscle+bone
336734693.877551,336.734693877551,0.030000000000000002,30.000000000000004,-1.4728655398151669,109.23813434431679,skin+fat+muscle+bone
395918367.3469388,395.9183673469388,0.030000000000000002,30.000000000000004,0.06322549783956921,107.6334415845836,skin+fat+muscle+bone
455102040.8163265,455.1020408163265,0.030000000000000002,30.000000000000004,1.3956140553871044,106.2432679852555,skin+fat+muscle+bone
514285714.28571427,514.2857142857142,0.030000000000000002,30.000000000000004,2.572111833700872,105.02811919692357,skin+fat+muscle+bone
573469387.755102,573.469387755102,0.030000000000000002,30.000000000000004,3.6286379633901436,103.93498847205557,skin+fat+muscle+bone
632653061.2244898,632.6530612244898,0.030000000000000002,30.000000000000004,4.589368986362924,102.93908882636123,skin+fat+muscle+bone
691836734.6938776,691.8367346938776,0.030000000000000002,30.000000000000004,5.471857327630625,102.02247591907502,skin+fat+muscle+bone
751020408.1632653,751.0204081632653,0.030000000000000002,30.000000000000004,6.289247938679187,101.17174476193827,skin+fat+muscle+bone
810204081.632653,810.204081632653,0.030000000000000002,30.000000000000004,7.051640379962675,100.37661843011085,skin+fat+muscle+bone
869387755.1020408,869.3877551020407,0.030000000000000002,30.000000000000004,7.766962852045884,99.62904495532118,skin+fat+muscle+bone
928571428.5714285,928.5714285714286,0.030000000000000002,30.000000000000004,8.453420789368508,98.9039249612732,skin+fat+muscle+bone
987755102.0408163,987.7551020408163,0.030000000000000002,30.000000000000004,9.144264773060652,98.15167545992769,skin+fat+muscle+bone
1046938775.5102041,1046.938775510204,0.030000000000000002,30.000000000000004,9.803861075519364,97.43065151874896,skin+fat+muscle+bone
1106122448.9795918,1106.1224489795918,0.030000000000000002,30.000000000000004,10.435694535991672,96.7373539971999,skin+fat+muscle+bone
1165306122.4489796,1165.3061224489795,0.030000000000000002,30.000000000000004,11.042701898992089,96.06883489948369,skin+fat+muscle+bone
1224489795.9183674,1224.4897959183675,0.030000000000000002,30.000000000000004,11.627381125295877,95.42258728171281,skin+fat+muscle+bone
1283673469.3877552,1283.6734693877552,0.030000000000000002,30.000000000000004,12.191874734592488,94.79646135451274,skin+fat+muscle+bone
1342857142.857143,1342.857142857143,0.030000000000000002,30.000000000000004,12.738034249394005,94.18859963848594,skin+fat+muscle+bone
1402040816.3265307,1402.0408163265306,0.030000000000000002,30.000000000000004,13.26747066133068,93.59738620392727,skin+fat+muscle+bone
1461224489.7959185,1461.2244897959185,0.030000000000000002,30.000000000000004,13.78159440777541,93.02140647530874,skin+fat+muscle+bone
1520408163.265306,1520.408163265306,0.030000000000000002,30.000000000000004,14.281647371598392,92.45941506637539,skin+fat+muscle+bone
1579591836.7346938,1579.5918367346937,0.030000000000000002,30.000000000000004,14.768728741375202,91.91030979381367,skin+fat+muscle+bone
1638775510.2040815,1638.7755102040815,0.030000000000000002,30.000000000000004,15.24381609377741,91.37311049746108,skin+fat+muscle+bone
1697959183.6734693,1697.9591836734694,0.030000000000000002,30.000000000000004,15.707782719985728,90.84694163789818,skin+fat+muscle+bone
1757142857.142857,1757.142857142857,0.030000000000000002,30.000000000000004,16.161411971713655,90.33101789056445,skin+fat+muscle+bone
1816326530.6122448,1816.3265306122448,0.030000000000000002,30.000000000000004,16.605409221755266,89.82463213764117,skin+fat+muscle+bone
1875510204.0816326,1875.5102040816325,0.030000000000000002,30.000000000000004,17.04041189985757,89.32714539406624,skin+fat+muscle+bone
1934693877.5510204,1934.6938775510205,0.030000000000000002,30.000000000000004,17.466997964085806,88.83797830539791,skin+fat+muscle+bone
1993877551.0204082,1993.8775510204082,0.030000000000000002,30.000000000000004,17.885693091578904,88.35660393203855,skin+fat+muscle+bone
2053061224.489796,2053.061224489796,0.030000000000000002,30.000000000000004,18.296976814241702,87.8825415930602,skin+fat+muscle+bone
2112244897.9591837,2112.2448979591836,0.030000000000000002,30.000000000000004,18.701287779887465,87.41535158819032,skin+fat+muscle+bone
2171428571.4285717,2171.4285714285716,0.030000000000000002,30.000000000000004,19.09902828430416,86.95463065176531,skin+fat+muscle+bone
2230612244.897959,2230.612244897959,0.030000000000000002,30.000000000000004,19.490568192242872,86.50000802009376,skin+fat+muscle+bone
2289795918.367347,2289.795918367347,0.030000000000000002,30.000000000000004,19.876248343627097,86.05114201549065,skin+fat+muscle+bone
2348979591.836735,2348.979591836735,0.030000000000000002,30.000000000000004,20.256383524026788,85.60771706759127,skin+fat+muscle+bone
2408163265.3061223,2408.1632653061224,0.030000000000000002,30.000000000000004,20.64267480818197,85.15534457096709,skin+fat+muscle+bone
2467346938.7755103,2467.3469387755104,0.030000000000000002,30.000000000000004,21.0955608310267,84.61930208782258,skin+fat+muscle+bone
2526530612.244898,2526.530612244898,0.030000000000000002,30.000000000000004,21.544187209937796,84.08710002109086,skin+fat+muscle+bone
2585714285.714286,2585.714285714286,0.030000000000000002,30.000000000000004,21.988791840852862,83.55849786604017,skin+fat+muscle+bone
2644897959.1836734,2644.8979591836733,0.030000000000000002,30.000000000000004,22.429596900848523,83.03327074293202,skin+fat+muscle+bone
2704081632.6530614,2704.081632653061,0.030000000000000002,30.000000000000004,22.866810246797968,82.51120800334903,skin+fat+muscle+bone
2763265306.122449,2763.265306122449,0.030000000000000002,30.000000000000004,23.300626662673107,81.99211198725364,skin+fat+muscle+bone
2822448979.591837,2822.448979591837,0.030000000000000002,30.000000000000004,23.73122897474164,81.47579691160249,skin+fat+muscle+bone
2881632653.0612245,2881.6326530612246,0.030000000000000002,30.000000000000004,24.158789051112855,80.96208787412843,skin+fat+muscle+bone
2940816326.530612,2940.816326530612,0.030000000000000002,30.000000000000004,24.58346869974511,80.450819958234,skin+fat+muscle+bone
3000000000.0,3000.0,0.030000000000000002,30.000000000000004,25.005420477058852,79.94183742690211,skin+fat+muscle+bone
100000000.0,100.0,0.034999999999999996,34.99999999999999,-11.590833947935094,119.4388701145619,skin+fat+muscle+bone
159183673.46938777,159.18367346938777,0.034999999999999996,34.99999999999999,-7.165700839441283,114.83983761164443,skin+fat+muscle+bone
218367346.9387755,218.3673469387755,0.034999999999999996,34.99999999999999,-4.171603561866917,111.72527497507313,skin+fat+muscle+bone
277551020.40816325,277.55102040816325,0.034999999999999996,34.99999999999999,-1.8996396378975438,109.3552200128583,skin+fat+muscle+bone
336734693.877551,336.734693877551,0.034999999999999996,34.99999999999999,-0.05981109689772213,107.42722967478038,skin+fat+muscle+bone
395918367.3469388,395.9183673469388,0.034999999999999996,34.99999999999999,1.493961955588238,105.7894807408127,skin+fat+muscle+bone
455102040.8163265,455.1020408163265,0.034999999999999996,34.99999999999999,2.8443087457817424,104.36928865198972,skin+fat+muscle+bone
514285714.28571427,514.2857142857142,0.034999999999999996,34.99999999999999,4.039463866394609,103.12860065804708,skin+fat+muscle+bone
573469387.755102,573.469387755102,0.034999999999999996,34.99999999999999,5.114353665901629,102.01096740944618,skin+fat+muscle+bone
632653061.2244898,632.6530612244898,0.034999999999999996,34.99999999999999,6.093268018506984,100.99126906923345,skin+fat+muscle+bone
691836734.6938776,691.8367346938776,0.034999999999999996,34.99999999999999,6.993832318440543,100.0513473586289,skin+fat+muscle+bone
751020408.1632653,751.0204081632653,0.034999999999999996,34.99999999999999,7.829240342002675,99.17765474353747,skin+fat+muscle+bone
810204081.632653,810.204081632653,0.034999999999999996,34.99999999999999,8.609625440519526,98.35981631670414,skin+fat+muscle+bone
869387755.1020408,869.3877551020407,0.034999999999999996,34.99999999999999,9.342939914449037,97.58971090391486,skin+fat+muscle+bone
928571428.5714285,928.5714285714286,0.034999999999999996,34.99999999999999,10.048169905201199,96.83907690270689,skin+fat+muscle+bone
987755102.0408163,987.7551020408163,0.034999999999999996,34.99999999999999,10.760366594543028,96.05089903442811,skin+fat+muscle+bone
1046938775.5102041,1046.938775510204,0.034999999999999996,34.99999999999999,11.441329643162597,95.29394444794427,skin+fat+muscle+bone
1106122448.9795918,1106.1224489795918,0.034999999999999996,34.99999999999999,12.094548044012528,94.5647037442256,skin+fat+muscle+bone
1165306122.4489796,1165.3061224489795,0.034999999999999996,34.99999999999999,12.722961817552438,93.86022086924822,skin+fat+muscle+bone
1224489795.9183674,1224.4897959183675,0.034999999999999996,34.99999999999999,13.329071548425468,93.17798245564151,skin+fat+muscle+bone
1283673469.3877552,1283.6734693877552,0.034999999999999996,34.99999999999999,13.91502188816216,92.51583352411353,skin+fat+muscle+bone
1342857142.857143,1342.857142857143,0.034999999999999996,34.99999999999999,14.482666114608737,91.87191234931123,skin+fat+muscle+bone
1402040816.3265307,1402.0408163265306,0.034999999999999996,34.99999999999999,15.033616682939993,91.24459948714474,skin+fat+muscle+bone
1461224489.7959185,1461.2244897959185,0.034999999999999996,34.99999999999999,15.569285265317982,90.6324774212508,skin+fat+muscle+bone
1520408163.265306,1520.408163265306,0.034999999999999996,34.99999999999999,16.09091479817142,90.03429827896335,skin+fat+muscle+bone
1579591836.7346938,1579.5918367346937,0.034999999999999996,34.99999999999999,16.599605378671946,89.44895775409002,skin+fat+muscle+bone
1638775510.2040815,1638.7755102040815,0.034999999999999996,34.99999999999999,17.096335375112645,88.87547385699796,skin+fat+muscle+bone
1697959183.6734693,1697.9591836734694,0.034999999999999996,34.99999999999999,17.58197877514248,88.31296945754806,skin+fat+muscle+bone
1757142857.142857,1757.142857142857,0.034999999999999996,34.99999999999999,18.057319548966117,87.7606578362018,skin+fat+muscle+bone
1816326530.6122448,1816.3265306122448,0.034999999999999996,34.99999999999999,18.52306362353151,87.21783064176218,skin+fat+muscle+bone
1875510204.0816326,1875.5102040816325,0.034999999999999996,34.99999999999999,18.979848929323328,86.68384779006207,skin+fat+muscle+bone
1934693877.5510204,1934.6938775510205,0.034999999999999996,34.99999999999999,19.428253880539852,86.1581289397889,skin+fat+muscle+bone
1993877551.0204082,1993.8775510204082,0.034999999999999996,34.99999999999999,19.8688045730093,85.64014625880532,skin+fat+muscle+bone
2053061224.489796,2053.061224489796,0.034999999999999996,34.99999999999999,20.301980925740718,85.12941825333436,skin+fat+muscle+bone
2112244897.9591837,2112.2448979591836,0.034999999999999996,34.99999999999999,20.728221946890272,84.62550447789627,skin+fat+muscle+bone
2171428571.4285717,2171.4285714285716,0.034999999999999996,34.99999999999999,21.147930269822922,84.1280009792874,skin+fat+muscle+bone
2230612244.897959,2230.612244897959,0.034999999999999996,34.99999999999999,21.561476077428765,83.63653635563949,skin+fat+muscle+bone
2289795918.367347,2289.795918367347,0.034999999999999996,34.99999999999999,21.969200511119176,83.15076833350402,skin+fat+muscle+bone
2348979591.836735,2348.979591836735,0.034999999999999996,34.99999999999999,22.37141864364625,82.67038078332023,skin+fat+muscle+bone
2408163265.3061223,2408.1632653061224,0.034999999999999996,34.99999999999999,22.78156823588185,82.17863514951313,skin+fat+muscle+bone
2467346938.7755103,2467.3469387755104,0.034999999999999996,34.99999999999999,23.26926369459403,81.58839989769336,skin+fat+muscle+bone
2526530612.244898,2526.530612244898,0.034999999999999996,34.99999999999999,23.752844076917942,81.00181196591744,skin+fat+muscle+bone
2585714285.714286,2585.714285714286,0.034999999999999996,34.99999999999999,24.232548657308378,80.4186293523561,skin+fat+muscle+bone
2644897959.1836734,2644.8979591836733,0.034999999999999996,34.99999999999999,24.708601005771804,79.8386256642337,skin+fat+muscle+bone
2704081632.6530614,2704.081632653061,0.034999999999999996,34.99999999999999,25.181210387184393,79.26158872384772,skin+fat+muscle+bone
2763265306.122449,2763.265306122449,0.034999999999999996,34.99999999999999,25.650573009222633,78.6873193253241,skin+fat+muscle+bone
2822448979.591837,2822.448979591837,0.034999999999999996,34.99999999999999,26.116873138161857,78.1156301229317,skin+fat+muscle+bone
2881632653.0612245,2881.6326530612246,0.034999999999999996,34.99999999999999,26.580284099001013,77.54634463456688,skin+fat+muscle+bone
2940816326.530612,2940.816326530612,0.034999999999999996,34.99999999999999,27.040969174030096,76.97929634635074,skin+fat+muscle+bone
3000000000.0,3000.0,0.034999999999999996,34.99999999999999,27.499082411987793,76.41432790624415,skin+fat+muscle+bone
100000000.0,100.0,0.04,40.0,-10.51134868692743,117.9452779621987,skin+fat+muscle+bone
159183673.46938777,159.18367346938777,0.04,40.0,-6.0678350810507595,113.26609373789864,skin+fat+muscle+bone
218367346.9387755,218.3673469387755,0.04,40.0,-3.0601947139970522,110.0988483675164,skin+fat+muscle+bone
277551020.40816325,277.55102040816325,0.04,40.0,-0.7763055764925384,107.6878002126566,skin+fat+muscle+bone
336734693.877551,336.734693877551,0.04,40.0,1.0748354683060475,105.72422564297808,skin+fat+muscle+bone
395918367.3469388,395.9183673469388,0.04,40.0,2.6397016101647024,104.05342053477595,skin+fat+muscle+bone
455102040.8163265,455.1020408163265,0.04,40.0,4.002837951497482,102.60320995645806,skin+fat+muscle+bone
514285714.28571427,514.2857142857142,0.04,40.0,5.213701044418766,101.33698275690472,skin+fat+muscle+bone
573469387.755102,573.469387755102,0.04,40.0,6.304323576351333,100.19484698457093,skin+fat+muscle+bone
632653061.2244898,632.6530612244898,0.04,40.0,7.299014673638183,99.15134994983978,skin+fat+muscle+bone
691836734.6938776,691.8367346938776,0.04,40.0,8.2154122845294,98.1881194359169,skin+fat+muscle+bone
751020408.1632653,751.0204081632653,0.04,40.0,9.066718843987482,97.2914653628708,skin+fat+muscle+bone
810204081.632653,810.204081632653,0.04,40.0,9.863073983549462,96.45091484103155,skin+fat+muscle+bone
869387755.1020408,869.3877551020407,0.04,40.0,10.612434772402437,95.65827749024268,skin+fat+muscle+bone
928571428.5714285,928.5714285714286,0.04,40.0,11.333547407842499,94.88212948187468,skin+fat+muscle+bone
987755102.0408163,987.7551020408163,0.04,40.0,12.060850090855345,94.05802324666266,skin+fat+muscle+bone
1046938775.5102041,1046.938775510204,0.04,40.0,12.756938214573951,93.2651380148737,skin+fat+muscle+bone
1106122448.9795918,1106.1224489795918,0.04,40.0,13.425302309319225,92.49995412898542,skin+fat+muscle+bone
1165306122.4489796,1165.3061224489795,0.04,40.0,14.068883621946481,91.75950747674689,skin+fat+muscle+bone
1224489795.9183674,1224.4897959183675,0.04,40.0,14.690183732560214,91.04127826730436,skin+fat+muscle+bone
1283673469.3877552,1283.6734693877552,0.04,40.0,15.291348113927913,90.34310633144844,skin+fat+muscle+bone
1342857142.857143,1342.857142857143,0.04,40.0,15.874230731820777,89.66312569787061,skin+fat+muscle+bone
1402040816.3265307,1402.0408163265306,0.04,40.0,16.44044462602667,88.99971340809634,skin+fat+muscle+bone
1461224489.7959185,1461.2244897959185,0.04,40.0,16.99140197233414,88.35144900492699,skin+fat+muscle+bone
1520408163.265306,1520.408163265306,0.04,40.0,17.528346146650755,87.71708212928544,skin+fat+muscle+bone
1579591836.7346938,1579.5918367346937,0.04,40.0,18.052377634337333,87.09550635210049,skin+fat+muscle+bone
1638775510.2040815,1638.7755102040815,0.04,40.0,18.564475150516095,86.48573785426896,skin+fat+muscle+bone
1697959183.6734693,1697.9591836734694,0.04,40.0,19.065512996053673,85.88689791493206,skin+fat+muscle+bone
1757142857.142857,1757.142857142857,0.04,40.0,19.55627542686581,85.29819841957328,skin+fat+muscle+bone
1816326530.6122448,1816.3265306122448,0.04,40.0,20.037468632958166,84.71892978361731,skin+fat+muscle+bone
1875510204.0816326,1875.5102040816325,0.04,40.0,20.509730789109938,84.14845082379203,skin+fat+muscle+bone
1934693877.5510204,1934.6938775510205,0.04,40.0,20.973640538193365,83.58618021191398,skin+fat+muscle+bone
1993877551.0204082,1993.8775510204082,0.04,40.0,21.429724191647217,83.03158922330621,skin+fat+muscle+bone
2053061224.489796,2053.061224489796,0.04,40.0,21.878461873122696,82.48419555134265,skin+fat+muscle+bone
2112244897.9591837,2112.2448979591836,0.04,40.0,22.320292786177,81.94355800533633,skin+fat+muscle+bone
2171428571.4285717,2171.4285714285716,0.04,40.0,22.755619751767924,81.4092719445436,skin+fat+muscle+bone
2230612244.897959,2230.612244897959,0.04,40.0,23.18481313376553,80.88096532891936,skin+fat+muscle+bone
2289795918.367347,2289.795918367347,0.04,40.0,23.608214248950894,80.35829528925149,skin+fat+muscle+bone
2348979591.836735,2348.979591836735,0.04,40.0,24.026138340680916,79.84094513678329,skin+fat+muscle+bone
2408163265.3061223,2408.1632653061224,0.04,40.0,24.45349702852444,79.30982636579328,skin+fat+muscle+bone
2467346938.7755103,2467.3469387755104,0.04,40.0,24.96769478047215,78.66539834529824,skin+fat+muscle+bone
2526530612.244898,2526.530612244898,0.04,40.0,25.47790122550971,78.02442454847814,skin+fat+muscle+bone
2585714285.714286,2585.714285714286,0.04,40.0,25.98435696578897,77.38666147640616,skin+fat+muscle+bone
2644897959.1836734,2644.8979591836733,0.04,40.0,26.48728691277167,76.7518812232695,skin+fat+muscle+bone
2704081632.6530614,2704.081632653061,0.04,40.0,26.986901687358905,76.11987008208054,skin+fat+muscle+bone
2763265306.122449,2763.265306122449,0.04,40.0,27.483398868589457,75.49042730112868,skin+fat+muscle+bone
2822448979.591837,2822.448979591837,0.04,40.0,27.976964110169153,74.86336397199504,skin+fat+muscle+bone
2881632653.0612245,2881.6326530612246,0.04,40.0,28.46777214129503,74.23850203273946,skin+fat+muscle+bone
2940816326.530612,2940.816326530612,0.04,40.0,28.955987665895986,73.6156733722016,skin+fat+muscle+bone
3000000000.0,3000.0,0.04,40.0,29.441766172441618,72.99471902332033,skin+fat+muscle+bone
100000000.0,100.0,0.045,45.0,-9.519159533968772,116.5389819178845,skin+fat+muscle+bone
159183673.46938777,159.18367346938777,0.045,45.0,-5.057265430709234,111.77964597220186,skin+fat+muscle+bone
218367346.9387755,218.3673469387755,0.045,45.0,-2.0360819741761915,108.55971786800865,skin+fat+muscle+bone
277551020.40816325,277.55102040816325,0.045,45.0,0.2597323768634645,106.1076765205039,skin+fat+muscle+bone
336734693.877551,336.734693877551,0.045,45.0,2.1221859254608137,104.10851771922479,skin+fat+muscle+bone
395918367.3469388,395.9183673469388,0.045,45.0,3.6981451566921626,102.40465643678819,skin+fat+muscle+bone
455102040.8163265,455.1020408163265,0.045,45.0,5.07407104916422,100.9244273689754,skin+fat+muscle+bone
514285714.28571427,514.2857142857142,0.045,45.0,6.300642114393918,99.63266096381135,skin+fat+muscle+bone
573469387.755102,573.469387755102,0.045,45.0,7.406997378752033,98.46602266774468,skin+fat+muscle+bone
632653061.2244898,632.6530612244898,0.045,45.0,8.417465220720377,97.39872693849513,skin+fat+muscle+bone
691836734.6938776,691.8367346938776,0.045,45.0,9.349696142569254,96.4121876212539,skin+fat+muscle+bone
751020408.1632653,751.0204081632653,0.045,45.0,10.216901237923285,95.49257209025313,skin+fat+muscle+bone
810204081.632653,810.204081632653,0.045,45.0,11.029226418530396,94.62930947340797,skin+fat+muscle+bone
869387755.1020408,869.3877551020407,0.045,45.0,11.794633522306832,93.81414018461949,skin+fat+muscle+bone
928571428.5714285,928.5714285714286,0.045,45.0,12.531628802434797,93.01247816909148,skin+fat+muscle+bone
987755102.0408163,987.7551020408163,0.045,45.0,13.27403747911866,92.1524435669462,skin+fat+muscle+bone
1046938775.5102041,1046.938775510204,0.045,45.0,13.985250677936298,91.32362768985215,skin+fat+muscle+bone
1106122448.9795918,1106.1224489795918,0.045,45.0,14.66876046657692,90.52250062179425,skin+fat+muscle+bone
1165306122.4489796,1165.3061224489795,0.045,45.0,15.327509318291519,89.74609019229456,skin+fat+muscle+bone
1224489795.9183674,1224.4897959183675,0.045,45.0,15.963999808645958,88.99187018701619,skin+fat+muscle+bone
1283673469.3877552,1283.6734693877552,0.045,45.0,16.580378231644666,88.25767524683235,skin+fat+muscle+bone
1342857142.857143,1342.857142857143,0.045,45.0,17.178499240983818,87.54163515447902,skin+fat+muscle+bone
1402040816.3265307,1402.0408163265306,0.045,45.0,17.759976461064348,86.84212343709694,skin+fat+muscle+bone
1461224489.7959185,1461.2244897959185,0.045,45.0,18.326222571301294,86.15771669665219,skin+fat+muscle+bone
1520408163.265306,1520.408163265306,0.045,45.0,18.878481387081088,85.48716208765654,skin+fat+muscle+bone
1579591836.7346938,1579.5918367346937,0.045,45.0,19.417853781953713,84.82935105815997,skin+fat+muscle+bone
1638775510.2040815,1638.7755102040815,0.045,45.0,19.94531881787055,84.18329795958897,skin+fat+muscle+bone
1697959183.6734693,1697.9591836734694,0.045,45.0,20.461751108915863,83.54812248036507,skin+fat+muscle+bone
1757142857.142857,1757.142857142857,0.045,45.0,20.967935196716503,82.92303511099377,skin+fat+muscle+bone
1816326530.6122448,1816.3265306122448,0.045,45.0,21.464577534335824,82.30732503352144,skin+fat+muscle+bone
1875510204.0816326,1875.5102040816325,0.045,45.0,21.95231654084754,81.70034996557101,skin+fat+muscle+bone
1934693877.5510204,1934.6938775510205,0.045,45.0,22.43173108779787,81.10152759208809,skin+fat+muscle+bone
1993877551.0204082,1993.8775510204082,0.045,45.0,22.90334770223614,80.51032829585611,skin+fat+muscle+bone
2053061224.489796,2053.061224489796,0.045,45.0,23.367646712455667,79.92626895739994,skin+fat+muscle+bone
2112244897.9591837,2112.2448979591836,0.045,45.0,23.825067517414727,79.3489076408254,skin+fat+muscle+bone
2171428571.4285717,2171.4285714285716,0.045,45.0,24.276013125663926,78.77783901784882,skin+fat+muscle+bone
2230612244.897959,2230.612244897959,0.045,45.0,24.720854082053293,78.21269041024821,skin+fat+muscle+bone
2289795918.367347,2289.795918367347,0.045,45.0,25.159931878733616,77.65311835304797,skin+fat+muscle+bone
2348979591.836735,2348.979591836735,0.045,45.0,25.593561929666578,77.09880559829537,skin+fat+muscle+bone
2408163265.3061223,2408.1632653061224,0.045,45.0,26.038129713118014,76.52831369012245,skin+fat+muscle+bone
2467346938.7755103,2467.3469387755104,0.045,45.0,26.57882975830126,75.82969290095214,skin+fat+muscle+bone
2526530612.244898,2526.530612244898,0.045,45.0,27.11566226605248,75.13433323908784,skin+fat+muscle+bone
2585714285.714286,2585.714285714286,0.045,45.0,27.648869166220553,74.44198970850522,skin+fat+muscle+bone
2644897959.1836734,2644.8979591836733,0.045,45.0,28.17867671172253,73.75243289035433,skin+fat+muscle+bone
2704081632.6530614,2704.081632653061,0.045,45.0,28.70529687948441,73.06544754836236,skin+fat+muscle+bone
2763265306.122449,2763.265306122449,0.045,45.0,29.22892861990728,72.38083138498226,skin+fat+muscle+bone
2822448979.591837,2822.448979591837,0.045,45.0,29.74975897412744,71.69839392910738,skin+fat+muscle+bone
2881632653.0612245,2881.6326530612246,0.045,45.0,30.26796407554004,71.01795553896103,skin+fat+muscle+bone
2940816326.530612,2940.816326530612,0.045,45.0,30.783710049712877,70.33934650610145,skin+fat+muscle+bone
3000000000.0,3000.0,0.045,45.0,31.29715382484644,69.66240624844548,skin+fat+muscle+bone
100000000.0,100.0,0.049999999999999996,49.99999999999999,-8.59905286638662,115.20476835894681,skin+fat+muscle+bone
159183673.46938777,159.18367346938777,0.049999999999999996,49.99999999999999,-4.118778265744215,110.36528069188158,skin+fat+muscle+bone
218367346.9387755,218.3673469387755,0.049999999999999996,49.99999999999999,-1.0840517197318391,107.09266985387741,skin+fat+muscle+bone
277551020.40816325,277.55102040816325,0.049999999999999996,49.99999999999999,1.2236878448429596,104.5996353137277,skin+fat+muscle+bone
336734693.877551,336.734693877551,0.049999999999999996,49.99999999999999,3.0974538972390744,102.56489228084801,skin+fat+muscle+bone
395918367.3469388,395.9183673469388,0.049999999999999996,49.99999999999999,4.684506217843115,100.82797482417695,skin+fat+muscle+bone
455102040.8163265,455.1020408163265,0.049999999999999996,49.99999999999999,6.073221661454452,99.31772726686924,skin+fat+muscle+bone
514285714.28571427,514.2857142857142,0.049999999999999996,49.99999999999999,7.3155006989925635,98.00042165609449,skin+fat+muscle+bone
573469387.755102,573.469387755102,0.049999999999999996,49.99999999999999,8.437588695776226,96.80928083629495,skin+fat+muscle+bone
632653061.2244898,632.6530612244898,0.049999999999999996,49.99999999999999,9.463833282426068,95.71818641252696,skin+fat+muscle+bone
691836734.6938776,691.8367346938776,0.049999999999999996,49.99999999999999,10.4118975152326,94.70833829196741,skin+fat+muscle+bone
751020408.1632653,751.0204081632653,0.049999999999999996,49.99999999999999,11.295001146482583,93.76576130301196,skin+fat+muscle+bone
810204081.632653,810.204081632653,0.049999999999999996,49.99999999999999,12.123296368134824,92.8797865911609,skin+fat+muscle+bone
869387755.1020408,869.3877551020407,0.049999999999999996,49.99999999999999,12.90474978683472,92.04208536437281,skin+fat+muscle+bone
928571428.5714285,928.5714285714286,0.049999999999999996,49.99999999999999,13.657627711650585,91.21490934168479,skin+fat+muscle+bone
987755102.0408163,987.7551020408163,0.049999999999999996,49.99999999999999,14.415142382005465,90.31894637260626,skin+fat+muscle+bone
1046938775.5102041,1046.938775510204,0.049999999999999996,49.99999999999999,15.141480655922141,89.45419985020709,skin+fat+muscle+bone
1106122448.9795918,1106.1224489795918,0.049999999999999996,49.99999999999999,15.840136138458107,88.61712959997959,skin+fat+muscle+bone
1165306122.4489796,1165.3061224489795,0.049999999999999996,49.99999999999999,16.51405252926005,87.80475539321873,skin+fat+muscle+bone
1224489795.9183674,1224.4897959183675,0.049999999999999996,49.99999999999999,17.165733399355194,87.01454459210453,skin+fat+muscle+bone
1283673469.3877552,1283.6734693877552,0.049999999999999996,49.99999999999999,17.797325863984906,86.24432664759277,skin+fat+muscle+bone
1342857142.857143,1342.857142857143,0.049999999999999996,49.99999999999999,18.41068526477035,85.49222709646392,skin+fat+muscle+bone
1402040816.3265307,1402.0408163265306,0.049999999999999996,49.99999999999999,19.007425810725515,84.75661595147406,skin+fat+muscle+bone
1461224489.7959185,1461.2244897959185,0.049999999999999996,49.99999999999999,19.588960684891944,84.0360668737539,skin+fat+muscle+bone
1520408163.265306,1520.408163265306,0.049999999999999996,49.99999999999999,20.156534142134916,83.32932453140415,skin+fat+muscle+bone
1579591836.7346938,1579.5918367346937,0.049999999999999996,49.99999999999999,20.71124744419359,82.63527824959596,skin+fat+muscle+bone
1638775510.2040815,1638.7755102040815,0.049999999999999996,49.99999999999999,21.254079999848493,81.95294055028549,skin+fat+muscle+bone
1697959183.6734693,1697.9591836734694,0.049999999999999996,49.99999999999999,21.785906736401543,81.28142953117458,skin+fat+muscle+bone
1757142857.142857,1757.142857142857,0.049999999999999996,49.99999999999999,22.307512481190685,80.61995428779075,skin+fat+muscle+bone
1816326530.6122448,1816.3265306122448,0.049999999999999996,49.99999999999999,22.81960395033697,79.96780276880207,skin+fat+muscle+bone
1875510204.0816326,1875.5102040816325,0.049999999999999996,49.99999999999999,23.322819807208642,79.32433159272648,skin+fat+muscle+bone
1934693877.5510204,1934.6938775510205,0.049999999999999996,49.99999999999999,23.817739152025872,78.6889574576387,skin+fat+muscle+bone
1993877551.0204082,1993.8775510204082,0.049999999999999996,49.99999999999999,24.30488872744855,78.0611498537825,skin+fat+muscle+bone
2053061224.489796,2053.061224489796,0.049999999999999996,49.99999999999999,24.784749066412132,77.44042484883373,skin+fat+muscle+bone
2112244897.9591837,2112.2448979591836,0.049999999999999996,49.99999999999999,25.257759763275946,76.82633976169097,skin+fat+muscle+bone
2171428571.4285717,2171.4285714285716,0.049999999999999996,49.99999999999999,25.724324014183424,76.21848857653053,skin+fat+muscle+bone
2230612244.897959,2230.612244897959,0.049999999999999996,49.99999999999999,26.184812544964544,75.61649797695358,skin+fat+muscle+bone
2289795918.367347,2289.795918367347,0.049999999999999996,49.99999999999999,26.639567023139822,75.02002390222094,skin+fat+muscle+bone
2348979591.836735,2348.979591836735,0.049999999999999996,49.99999999999999,27.088903033275738,74.42874854518396,skin+fat+muscle+bone
2408163265.3061223,2408.1632653061224,0.049999999999999996,49.99999999999999,27.550679912335088,73.8188834998281,skin+fat+muscle+bone
2467346938.7755103,2467.3469387755104,0.049999999999999996,49.99999999999999,28.117882250753873,73.06606994198255,skin+fat+muscle+bone
2526530612.244898,2526.530612244898,0.049999999999999996,49.99999999999999,28.68134082121874,72.31632441507404,skin+fat+muscle+bone
2585714285.714286,2585.714285714286,0.049999999999999996,49.99999999999999,29.241298881275632,71.56940042598077,skin+fat+muscle+bone
2644897959.1836734,2644.8979591836733,0.049999999999999996,49.99999999999999,29.797984025296888,70.82506704281563,skin+fat+muscle+bone
2704081632.6530614,2704.081632653061,0.049999999999999996,49.99999999999999,30.35160958623341,70.08310750002069,skin+fat+muscle+bone
2763265306.122449,2763.265306122449,0.049999999999999996,49.99999999999999,30.902375885848596,69.34331795421234,skin+fat+muscle+bone
2822448979.591837,2822.448979591837,0.049999999999999996,49.99999999999999,31.450471352709222,68.60550637159623,skin+fat+muscle+bone
2881632653.0612245,2881.6326530612246,0.049999999999999996,49.99999999999999,31.996073524408548,67.86949153055912,skin+fat+muscle+bone
2940816326.530612,2940.816326530612,0.049999999999999996,49.99999999999999,32.53934994815326,67.13510212537781,skin+fat+muscle+bone
3000000000.0,3000.0,0.049999999999999996,49.99999999999999,33.08045899187475,66.40217595894714,skin+fat+muscle+bone
100000000.0,100.0,0.055,55.0,-7.7394752914082225,113.93108389261288,skin+fat+muscle+bone
159183673.46938777,159.18367346938777,0.055,55.0,-3.2408201933829544,109.01144450416506,skin+fat+muscle+bone
218367346.9387755,218.3673469387755,0.055,55.0,-0.19255055789123965,105.68615093234993,skin+fat+muscle+bone
277551020.40816325,277.55102040816325,0.055,55.0,2.1271142202187017,103.15212319955528,skin+fat+muscle+bone
336734693.877551,336.734693877551,0.055,55.0,4.012192776413579,101.08179593507498,skin+fat+muscle+bone
395918367.3469388,395.9183673469388,0.055,55.0,5.610338186390313,99.31182230416944,skin+fat+muscle+bone
455102040.8163265,455.1020408163265,0.055,55.0,7.01184318114093,97.77155625736685,skin+fat+muscle+bone
514285714.28571427,514.2857142857142,0.055,55.0,8.269830190987454,96.42871144098137,skin+fat+muscle+bone
573469387.755102,573.469387755102,0.055,55.0,9.407650920196662,95.21306809744895,skin+fat+muscle+bone
632653061.2244898,632.6530612244898,0.055,55.0,10.449672251528,94.09817497916256,skin+fat+muscle+bone
691836734.6938776,691.8367346938776,0.055,55.0,11.413569795292194,93.06501805528467,skin+fat+muscle+bone
751020408.1632653,751.0204081632653,0.055,55.0,12.312571962438126,92.09947960837455,skin+fat+muscle+bone
810204081.632653,810.204081632653,0.055,55.0,13.156837225135494,91.19079280151756,skin+fat+muscle+bone
869387755.1020408,869.3877551020407,0.055,55.0,13.954336958758853,90.33055963672989,skin+fat+muscle+bone
928571428.5714285,928.5714285714286,0.055,55.0,14.72309752826262,89.47786960688185,skin+fat+muscle+bone
987755102.0408163,987.7551020408163,0.055,55.0,15.49571819228852,88.54597827087008,skin+fat+muscle+bone
1046938775.5102041,1046.938775510204,0.055,55.0,16.237181541304228,87.64530110316578,skin+fat+muscle+bone
1106122448.9795918,1106.1224489795918,0.055,55.0,16.95098271773554,86.77228767076869,skin+fat+muscle+bone
1165306122.4489796,1165.3061224489795,0.055,55.0,17.640066647624828,85.92394968674665,skin+fat+muscle+bone
1224489795.9183674,1224.4897959183675,0.055,55.0,18.306937897460678,85.09774808979662,skin+fat+muscle+bone
1283673469.3877552,1283.6734693877552,0.055,55.0,18.953744403721394,84.29150714095694,skin+fat+muscle+bone
1342857142.857143,1342.857142857143,0.055,55.0,19.582342195953125,83.50334813105258,skin+fat+muscle+bone
1402040816.3265307,1402.0408163265306,0.055,55.0,20.194346067782927,82.73163755845492,skin+fat+muscle+bone
1461224489.7959185,1461.2244897959185,0.055,55.0,20.791169705878836,81.97494614345936,skin+fat+muscle+bone
1520408163.265306,1520.408163265306,0.055,55.0,21.37405780458499,81.23201606775551,skin+fat+muscle+bone
1579591836.7346938,1579.5918367346937,0.055,55.0,21.94411201382971,80.50173453363568,skin+fat+muscle+bone
1638775510.2040815,1638.7755102040815,0.055,55.0,22.502312089222684,79.78311223358574,skin+fat+muscle+bone
1697959183.6734693,1697.9591836734694,0.055,55.0,23.049533271283476,79.07526567458783,skin+fat+muscle+bone
1757142857.142857,1757.142857142857,0.055,55.0,23.586560673061115,78.37740255719149,skin+fat+muscle+bone
1816326530.6122448,1816.3265306122448,0.055,55.0,24.114101273734363,77.68880959668645,skin+fat+muscle+bone
1875510204.0816326,1875.5102040816325,0.055,55.0,24.632793980965985,77.0088423124857,skin+fat+muscle+bone
1934693877.5510204,1934.6938775510205,0.055,55.0,25.143218123650115,76.33691641579304,skin+fat+muscle+bone
1993877551.0204082,1993.8775510204082,0.055,55.0,25.645900660057205,75.67250050431267,skin+fat+muscle+bone
2053061224.489796,2053.061224489796,0.055,55.0,26.141322327764843,75.01510983287127,skin+fat+muscle+bone
2112244897.9591837,2112.2448979591836,0.055,55.0,26.62992291653341,74.36430097516029,skin+fat+muscle+bone
2171428571.4285717,2171.4285714285716,0.055,55.0,27.112105810099163,73.71966722781599,skin+fat+muscle+bone
2230612244.897959,2230.612244897959,0.055,55.0,27.588241915272043,73.08083463626271,skin+fat+muscle+bone
2289795918.367347,2289.795918367347,0.055,55.0,28.058673074942277,72.44745854399768,skin+fat+muscle+bone
2348979591.836735,2348.979591836735,0.055,55.0,28.52371504428114,71.81922058467629,skin+fat+muscle+bone
2408163265.3061223,2408.1632653061224,0.055,55.0,29.00270101894841,71.16998240213752,skin+fat+muscle+bone
2467346938.7755103,2467.3469387755104,0.055,55.0,29.596405650602726,70.3629760756167,skin+fat+muscle+bone
2526530612.244898,2526.530612244898,0.055,55.0,30.186490283781247,69.55884468366399,skin+fat+muscle+bone
2585714285.714286,2585.714285714286,0.055,55.0,30.773199503726957,68.7573402360601,skin+fat+muscle+bone
2644897959.1836734,2644.8979591836733,0.055,55.0,31.35676224626749,67.9582302878807,skin+fat+muscle+bone
2704081632.6530614,2704.081632653061,0.055,55.0,31.937393200378654,67.16129654428276,skin+fat+muscle+bone
2763265306.122449,2763.265306122449,0.055,55.0,32.51529405918616,66.36633361604619,skin+fat+muscle+bone
2822448979.591837,2822.448979591837,0.055,55.0,33.090654638687255,65.57314790668883,skin+fat+muscle+bone
2881632653.0612245,2881.6326530612246,0.055,55.0,33.663653880673294,64.78155661476094,skin+fat+muscle+bone
2940816326.530612,2940.816326530612,0.055,55.0,34.234460753989886,63.99138683725793,skin+fat+muscle+bone
3000000000.0,3000.0,0.055,55.0,34.80323506629931,63.202474762052574,skin+fat+muscle+bone
100000000.0,100.0,0.06,60.0,-6.93144617418604,112.70894788403515,skin+fat+muscle+bone
159183673.46938777,159.18367346938777,0.06,60.0,-2.4144105787779058,107.70915677420476,skin+fat+muscle+bone
218367346.9387755,218.3673469387755,0.06,60.0,0.6474021461931474,104.33118046857867,skin+fat+muscle+bone
277551020.40816325,277.55102040816325,0.06,60.0,2.9789921378382296,101.75615954313905,skin+fat+muscle+bone
336734693.877551,336.734693877551,0.06,60.0,4.875383197831871,99.65024804705817,skin+fat+muscle+bone
395918367.3469388,395.9183673469388,0.06,60.0,6.484621697181296,97.84721824191817,skin+fat+muscle+bone
455102040.8163265,455.1020408163265,0.06,60.0,7.898916243071195,96.27693370562066,skin+fat+muscle+bone
514285714.28571427,514.2857142857142,0.06,60.0,9.172611225226134,94.90854968362449,skin+fat+muscle+bone
573469387.755102,573.469387755102,0.06,60.0,10.326164686860889,93.66840381635917,skin+fat+muscle+bone
632653061.2244898,632.6530612244898,0.06,60.0,11.383962762873722,92.52971200355438,skin+fat+muscle+bone
691836734.6938776,691.8367346938776,0.06,60.0,12.363693617595573,91.47324627635815,skin+fat+muscle+bone
751020408.1632653,751.0204081632653,0.06,60.0,13.278594320637456,90.48474637149336,skin+fat+muscle+bone
810204081.632653,810.204081632653,0.06,60.0,14.138829624379955,89.55334746963045,skin+fat+muscle+bone
869387755.1020408,869.3877551020407,0.06,60.0,14.952375672926776,88.67058236684318,skin+fat+muscle+bone
928571428.5714285,928.5714285714286,0.06,60.0,15.737018887118445,87.79237832983513,skin+fat+muscle+bone
987755102.0408163,987.7551020408163,0.06,60.0,16.524745544815357,86.8245586268901,skin+fat+muscle+bone
1046938775.5102041,1046.938775510204,0.06,60.0,17.281333968930102,85.88795081388069,skin+fat+muscle+bone
1106122448.9795918,1106.1224489795918,0.06,60.0,18.010280839256758,84.97899419931399,skin+fat+muscle+bone
1165306122.4489796,1165.3061224489795,0.06,60.0,18.714532308233395,84.09469243803079,skin+fat+muscle+bone
1224489795.9183674,1224.4897959183675,0.06,60.0,19.396593937809943,83.23250004524495,skin+fat+muscle+bone
1283673469.3877552,1283.6734693877552,0.06,60.0,20.058614485701668,82.39023609207733,skin+fat+muscle+bone
1342857142.857143,1342.857142857143,0.06,60.0,20.702450669379694,81.56601762339746,skin+fat+muscle+bone
1402040816.3265307,1402.0408163265306,0.06,60.0,21.329717867084128,80.75820762319199,skin+fat+muscle+bone
1461224489.7959185,1461.2244897959185,0.06,60.0,21.941830269109516,79.96537387092104,skin+fat+muscle+bone
1520408163.265306,1520.408163265306,0.06,60.0,22.54003300927885,79.18625606186308,skin+fat+muscle+bone
1579591836.7346938,1579.5918367346937,0.06,60.0,23.125428125709618,78.41973927543164,skin+fat+muscle+bone
1638775510.2040815,1638.7755102040815,0.06,60.0,23.698995720840657,77.66483237464223,skin+fat+muscle+bone
1697959183.6734693,1697.9591836734694,0.06,60.0,24.26161134840919,76.92065027575731,skin+fat+muscle+bone
1757142857.142857,1757.142857142857,0.06,60.0,24.81406040717533,76.18639928434845,skin+fat+muscle+bone
1816326530.6122448,1816.3265306122448,0.06,60.0,25.35705013937554,75.46136488232706,skin+fat+muscle+bone
1875510204.0816326,1875.5102040816325,0.06,60.0,25.89121969696712,74.74490149000114,skin+fat+muscle+bone
1934693877.5510204,1934.6938775510205,0.06,60.0,26.41714863751815,74.03642383170363,skin+fat+muscle+bone
1993877551.0204082,1993.8775510204082,0.06,60.0,26.935364134909648,73.33539961259902,skin+fat+muscle+bone
2053061224.489796,2053.061224489796,0.06,60.0,27.446347131361343,72.64134327466503,skin+fat+muscle+bone
2112244897.9591837,2112.2448979591836,0.06,60.0,27.95053761203466,71.95381064638583,skin+fat+muscle+bone
2171428571.4285717,2171.4285714285716,0.06,60.0,28.44833914825869,71.27239433685769,skin+fat+muscle+bone
2230612244.897959,2230.612244897959,0.06,60.0,28.940122827823327,70.59671975332805,skin+fat+muscle+bone
2289795918.367347,2289.795918367347,0.06,60.0,29.42623066898852,69.92644164353064,skin+fat+muscle+bone
2348979591.836735,2348.979591836735,0.06,60.0,29.906978597530326,69.26124108192485,skin+fat+muscle+bone
2408163265.3061223,2408.1632653061224,0.06,60.0,30.403173667805515,68.57262976220316,skin+fat+muscle+bone
2467346938.7755103,2467.3469387755104,0.06,60.0,31.02338059269536,67.71143066700706,skin+fat+muscle+bone
2526530612.244898,2526.530612244898,0.06,60.0,31.64009128858754,66.85291341001017,skin+fat+muscle+bone
2585714285.714286,2585.714285714286,0.06,60.0,32.25355166842207,65.99682850389563,skin+fat+muscle+bone
2644897959.1836734,2644.8979591836733,0.06,60.0,32.863992009481876,65.14294199070198,skin+fat+muscle+bone
2704081632.6530614,2704.081632653061,0.06,60.0,33.47162835676768,64.29103404630106,skin+fat+muscle+bone
2763265306.122449,2763.265306122449,0.06,60.0,34.07666377476751,63.44089773563625,skin+fat+muscle+bone
2822448979.591837,2822.448979591837,0.06,60.0,34.67928946690907,62.59233789953765,skin+fat+muscle+bone
2881632653.0612245,2881.6326530612246,0.06,60.0,35.27968577918183,61.74517015671901,skin+fat+muscle+bone
2940816326.530612,2940.816326530612,0.06,60.0,35.8780231020703,60.89922000689427,skin+fat+muscle+bone
3000000000.0,3000.0,0.06,60.0,36.474462682967655,60.054322022914214,skin+fat+muscle+bone
100000000.0,100.0,0.065,65.0,-6.1678462568430135,111.5312410753366,skin+fat+muscle+bone
159183673.46938777,159.18367346938777,0.065,65.0,-1.6324301640520176,106.4512982441236,skin+fat+muscle+bone
218367346.9387755,218.3673469387755,0.065,65.0,1.4429256503983732,103.02063920468656,skin+fat+muscle+bone
277551020.40816325,277.55102040816325,0.065,65.0,3.786440855578596,100.40462508660198,skin+fat+muscle+bone
336734693.877551,336.734693877551,0.065,65.0,5.6941444193710025,98.26312935892052,skin+fat+muscle+bone
395918367.3469388,395.9183673469388,0.065,65.0,7.314476008093122,96.42704337954603,skin+fat+muscle+bone
455102040.8163265,455.1020408163265,0.065,65.0,8.741560105122296,94.82674035375365,skin+fat+muscle+bone
514285714.28571427,514.2857142857142,0.065,65.0,10.030963059585648,93.43281712614676,skin+fat+muscle+bone
573469387.755102,573.469387755102,0.065,65.0,11.200249253645953,92.16816873514857,skin+fat+muscle+bone
632653061.2244898,632.6530612244898,0.065,65.0,12.273824074340283,91.00567822782536,skin+fat+muscle+bone
691836734.6938776,691.8367346938776,0.065,65.0,13.26938824001979,89.92590369731079,skin+fat+muscle+bone
751020408.1632653,751.0204081632653,0.065,65.0,14.200187478957625,88.91444233449133,skin+fat+muscle+bone
810204081.632653,810.204081632653,0.065,65.0,15.076392823745252,87.9603313376225,skin+fat+muscle+bone
869387755.1020408,869.3877551020407,0.065,65.0,15.905985187215535,87.05503429683563,skin+fat+muscle+bone
928571428.5714285,928.5714285714286,0.065,65.0,16.70651104609511,86.15131625266756,skin+fat+muscle+bone
987755102.0408163,987.7551020408163,0.065,65.0,17.509343697463038,85.14756818278927,skin+fat+muscle+bone
1046938775.5102041,1046.938775510204,0.065,65.0,18.281057196676816,84.17502972447477,skin+fat+muscle+bone
1106122448.9795918,1106.1224489795918,0.065,65.0,19.025149760898817,83.23012992773846,skin+fat+muscle+bone
1165306122.4489796,1165.3061224489795,0.065,65.0,19.744568768962797,82.3098643891941,skin+fat+muscle+bone
1224489795.9183674,1224.4897959183675,0.065,65.0,20.441820778280054,81.41168120057242,skin+fat+muscle+bone
1283673469.3877552,1283.6734693877552,0.065,65.0,21.119055367802787,80.53339424307688,skin+fat+muscle+bone
1342857142.857143,1342.857142857143,0.065,65.0,21.778129942927094,79.67311631562148,skin+fat+muscle+bone
1402040816.3265307,1402.0408163265306,0.065,65.0,22.42066046650617,78.82920688780824,skin+fat+muscle+bone
1461224489.7959185,1461.2244897959185,0.065,65.0,23.048061632461035,78.00023079826187,skin+fat+muscle+bone
1520408163.265306,1520.408163265306,0.065,65.0,23.661579014093547,77.18492525584982,skin+fat+muscle+bone
1579591836.7346938,1579.5918367346937,0.065,65.0,24.262315037710366,76.38217321710675,skin+fat+muscle+bone
1638775510.2040815,1638.7755102040815,0.065,65.0,24.851250152579475,75.59098171557787,skin+fat+muscle+bone
1697959183.6734693,1697.9591836734694,0.065,65.0,25.429260225655742,74.81046407680594,skin+fat+muscle+bone
1757142857.142857,1757.142857142857,0.065,65.0,25.997130941410386,74.03982521138457,skin+fat+muscle+bone
1816326530.6122448,1816.3265306122448,0.065,65.0,26.555569805137566,73.27834936784683,skin+fat+muscle+bone
1875510204.0816326,1875.5102040816325,0.065,65.0,27.105216213089086,72.52538986739575,skin+fat+muscle+bone
1934693877.5510204,1934.6938775510205,0.065,65.0,27.64664995150702,71.78036044749336,skin+fat+muscle+bone
1993877551.0204082,1993.8775510204082,0.065,65.0,28.18039840988293,71.04272792076455,skin+fat+muscle+bone
2053061224.489796,2053.061224489796,0.065,65.0,28.706942735078677,70.31200591633797,skin+fat+muscle+bone
2112244897.9591837,2112.2448979591836,0.065,65.0,29.226723107656746,69.58774951749055,skin+fat+muscle+bone
2171428571.4285717,2171.4285714285716,0.065,65.0,29.74014328653906,68.86955064577853,skin+fat+muscle+bone
2230612244.897959,2230.612244897959,0.065,65.0,30.247574540495453,68.15703407027253,skin+fat+muscle+bone
2289795918.367347,2289.795918367347,0.065,65.0,30.7493590631556,67.44985394294275,skin+fat+muscle+bone
2348979591.836735,2348.979591836735,0.065,65.0,31.24581295090036,66.74769077905255,skin+fat+muscle+bone
2408163265.3061223,2408.1632653061224,0.065,65.0,31.75921711678346,66.01970632214795,skin+fat+muscle+bone
2467346938.7755103,2467.3469387755104,0.065,65.0,32.40592633490884,65.1043144582766,skin+fat+muscle+bone
2526530612.244898,2526.530612244898,0.065,65.0,33.049263093514675,64.1914113362355,skin+fat+muscle+bone
2585714285.714286,2585.714285714286,0.065,65.0,33.68947463323802,63.28074597161032,skin+fat+muscle+bone
2644897959.1836734,2644.8979591836733,0.065,65.0,34.326792572817105,62.372082893402435,skin+fat+muscle+bone
2704081632.6530614,2704.081632653061,0.065,65.0,34.96143431327756,61.46520074819851,skin+fat+muscle+bone
2763265306.122449,2763.265306122449,0.065,65.0,35.59360429046969,60.55989105510547,skin+fat+muscle+bone
2822448979.591837,2822.448979591837,0.065,65.0,36.22349509525172,59.65595709226562,skin+fat+muscle+bone
2881632653.0612245,2881.6326530612246,0.065,65.0,36.85128847781122,58.753212898556214,skin+fat+muscle+bone
2940816326.530612,2940.816326530612,0.065,65.0,37.477156250271555,57.851482376409756,skin+fat+muscle+bone
3000000000.0,3000.0,0.065,65.0,38.10126109975684,56.950598483655014,skin+fat+muscle+bone
100000000.0,100.0,0.07,70.0,-5.442936335043985,110.39222426218203,skin+fat+muscle+bone
159183673.46938777,159.18367346938777,0.07,70.0,-0.8891397448701239,105.23212970958645,skin+fat+muscle+bone
218367346.9387755,218.3673469387755,0.07,70.0,2.199759159059605,101.74878793633845,skin+fat+muscle+bone
277551020.40816325,277.55102040816325,0.07,70.0,4.555199577774969,99.09178062560892,skin+fat+muscle+bone
336734693.877551,336.734693877551,0.07,70.0,6.47421564536614,96.91470066632685,skin+fat+muscle+bone
395918367.3469388,395.9183673469388,0.07,70.0,8.105640323460952,95.04555851271792,skin+fat+muscle+bone
455102040.8163265,455.1020408163265,0.07,70.0,9.545513971629406,93.41523699743061,skin+fat+muscle+bone
514285714.28571427,514.2857142857142,0.07,70.0,10.850624898401172,91.99577456421302,skin+fat+muscle+bone
573469387.755102,573.469387755102,0.07,70.0,12.035643824887025,90.70662364948194,skin+fat+muscle+bone
632653061.2244898,632.6530612244898,0.07,70.0,13.124995390262848,89.52033444764032,skin+fat+muscle+bone
691836734.6938776,691.8367346938776,0.07,70.0,14.136392866900014,88.41725111380742,skin+fat+muscle+bone
751020408.1632653,751.0204081632653,0.07,70.0,15.0830906417338,87.38282829303327,skin+fat+muscle+bone
810204081.632653,810.204081632653,0.07,70.0,15.975266027566558,86.40600520115855,skin+fat+muscle+bone
869387755.1020408,869.3877551020407,0.07,70.0,16.820904705960302,85.47817622237207,skin+fat+muscle+bone
928571428.5714285,928.5714285714286,0.07,70.0,17.637313209527775,84.54894417104398,skin+fat+muscle+bone
987755102.0408163,987.7551020408163,0.07,70.0,18.45525185456672,83.50926773423245,skin+fat+muscle+bone
1046938775.5102041,1046.938775510204,0.07,70.0,19.242090428879536,82.50079863061283,skin+fat+muscle+bone
1106122448.9795918,1106.1224489795918,0.07,70.0,20.00132868699688,81.51995565170691,skin+fat+muscle+bone
1165306122.4489796,1165.3061224489795,0.07,70.0,20.735915234148205,80.56372633590139,skin+fat+muscle+bone
1224489795.9183674,1224.4897959183675,0.07,70.0,21.44835762320617,79.62955235144389,skin+fat+muscle+bone
1283673469.3877552,1283.6734693877552,0.07,70.0,22.140806254359905,78.71524238962041,skin+fat+muscle+bone
1342857142.857143,1342.857142857143,0.07,70.0,22.815119220930505,77.81890500338952,skin+fat+muscle+bone
1402040816.3265307,1402.0408163265306,0.07,70.0,23.472913070384216,76.93889614796848,skin+fat+muscle+bone
1461224489.7959185,1461.2244897959185,0.07,70.0,24.11560300026856,76.07377772114668,skin+fat+muscle+bone
1520408163.265306,1520.408163265306,0.07,70.0,24.744435023364254,75.22228444538054,skin+fat+muscle+bone
1579591836.7346938,1579.5918367346937,0.07,70.0,25.360511954167116,74.38329715432585,skin+fat+muscle+bone
1638775510.2040815,1638.7755102040815,0.07,70.0,25.9648145887743,73.55582105205751,skin+fat+muscle+bone
1697959183.6734693,1697.9591836734694,0.07,70.0,26.558219107358305,72.73896787339858,skin+fat+muscle+bone
1757142857.142857,1757.142857142857,0.07,70.0,27.14151148010145,71.93194113396467,skin+fat+muscle+bone
1816326530.6122448,1816.3265306122448,0.07,70.0,27.71539947535559,71.13402384891057,skin+fat+muscle+bone
1875510204.0816326,1875.5102040816325,0.07,70.0,28.28052273366707,70.34456824033433,skin+fat+muscle+bone
1934693877.5510204,1934.6938775510205,0.07,70.0,28.837461269951902,69.56298705882709,skin+fat+muscle+bone
1993877551.0204082,1993.8775510204082,0.07,70.0,29.38674268931222,68.78874622447407,skin+fat+muscle+bone
2053061224.489796,2053.061224489796,0.07,70.0,29.92884834325202,68.02135855355488,skin+fat+muscle+bone
2112244897.9591837,2112.2448979591836,0.07,70.0,30.464218607734843,67.26037838413924,skin+fat+muscle+bone
2171428571.4285717,2171.4285714285716,0.07,70.0,30.99325742927543,66.50539695024337,skin+fat+muscle+bone
2230612244.897959,2230.612244897959,0.07,70.0,31.516336257623582,65.75603838276102,skin+fat+muscle+bone
2289795918.367347,2289.795918367347,0.07,70.0,32.03379746177869,65.01195623789886,skin+fat+muscle+bone
2348979591.836735,2348.979591836735,0.07,70.0,32.54595730872639,64.27283047172426,skin+fat+muscle+bone
2408163265.3061223,2408.1632653061224,0.07,70.0,33.07657057021741,63.50547287763674,skin+fat+muscle+bone
2467346938.7755103,2467.3469387755104,0.07,70.0,33.74978208157833,62.53588824509011,skin+fat+muscle+bone
2526530612.244898,2526.530612244898,0.07,70.0,34.41974490289781,61.568599258004824,skin+fat+muscle+bone
2585714285.714286,2585.714285714286,0.07,70.0,35.086707602509975,60.60335343486901,skin+fat+muscle+bone
2644897959.1836734,2644.8979591836733,0.07,70.0,35.750903140608344,59.63991379164686,skin+fat+muscle+bone
2704081632.6530614,2704.081632653061,0.07,70.0,36.41255027424343,58.67805744563996,skin+fat+muscle+bone
2763265306.122449,2763.265306122449,0.07,70.0,37.07185481062789,57.717574370118676,skin+fat+muscle+bone
2822448979.591837,2822.448979591837,0.07,70.0,37.72901072805038,56.75826628053759,skin+fat+muscle+bone
2881632653.0612245,2881.6326530612246,0.07,70.0,38.384201180896596,55.79994563593743,skin+fat+muscle+bone
2940816326.530612,2940.816326530612,0.07,70.0,39.03759940292881,54.84243474146923,skin+fat+muscle+bone
3000000000.0,3000.0,0.07,70.0,39.689369521002035,53.8855649399398,skin+fat+muscle+bone
100000000.0,100.0,0.07500000000000001,75.00000000000001,-4.752022110802842,109.28720314658536,skin+fat+muscle+bone
159183673.46938777,159.18367346938777,0.07500000000000001,75.00000000000001,-0.1798450232461155,104.04695687260718,skin+fat+muscle+bone
218367346.9387755,218.3673469387755,0.07500000000000001,75.00000000000001,2.922596970162949,100.51093236554821,skin+fat+muscle+bone
277551020.40816325,277.55102040816325,0.07500000000000001,75.00000000000001,5.289962602413455,97.81293186217374,skin+fat+muscle+bone
336734693.877551,336.734693877551,0.07500000000000001,75.00000000000001,7.220291173803388,95.60026767129108,skin+fat+muscle+bone
395918367.3469388,395.9183673469388,0.07500000000000001,75.00000000000001,8.862808941270895,93.69806934344767,skin+fat+muscle+bone
455102040.8163265,455.1020408163265,0.07500000000000001,75.00000000000001,10.315472140578628,92.03772933866547,skin+fat+muscle+bone
514285714.28571427,514.2857142857142,0.07500000000000001,75.00000000000001,11.636291039658808,90.59272769983717,skin+fat+muscle+bone
573469387.755102,573.469387755102,0.07500000000000001,75.00000000000001,12.837042698570208,89.27907426137321,skin+fat+muscle+bone
632653061.2244898,632.6530612244898,0.07500000000000001,75.00000000000001,13.942171008627527,88.06898636501319,skin+fat+muscle+bone
691836734.6938776,691.8367346938776,0.07500000000000001,75.00000000000001,14.969401796222353,86.94259422786193,skin+fat+muscle+bone
751020408.1632653,751.0204081632653,0.07500000000000001,75.00000000000001,15.931998106952088,85.88520994913313,skin+fat+muscle+bone
810204081.632653,810.204081632653,0.07500000000000001,75.00000000000001,16.840143533829977,84.88567476225248,skin+fat+muscle+bone
869387755.1020408,869.3877551020407,0.07500000000000001,75.00000000000001,17.701828527147182,83.93531384546641,skin+fat+muscle+bone
928571428.5714285,928.5714285714286,0.07500000000000001,75.00000000000001,18.534119675402557,82.98056778697831,skin+fat+muscle+bone
987755102.0408163,987.7551020408163,0.07500000000000001,75.00000000000001,19.367164314112514,81.90496298323352,skin+fat+muscle+bone
1046938775.5102041,1046.938775510204,0.07500000000000001,75.00000000000001,20.169127963524367,80.86056323430878,skin+fat+muscle+bone
1106122448.9795918,1106.1224489795918,0.07500000000000001,75.00000000000001,20.94351191553706,79.84377707323327,skin+fat+muscle+bone
1165306122.4489796,1165.3061224489795,0.07500000000000001,75.00000000000001,21.693266001775726,78.85158398016657,skin+fat+muscle+bone
1224489795.9183674,1224.4897959183675,0.07500000000000001,75.00000000000001,22.420898770574397,77.88141919987324,skin+fat+muscle+bone
1283673469.3877552,1283.6734693877552,0.07500000000000001,75.00000000000001,23.12856144335914,76.93108623372184,skin+fat+muscle+bone
1342857142.857143,1342.857142857143,0.07500000000000001,75.00000000000001,23.81811280137603,75.99868938871543,skin+fat+muscle+bone
1402040816.3265307,1402.0408163265306,0.07500000000000001,75.00000000000001,24.491169976704374,75.08258110568659,skin+fat+muscle+bone
1461224489.7959185,1461.2244897959185,0.07500000000000001,75.00000000000001,25.1491486705182,74.1813203415894,skin+fat+muscle+bone
1520408163.265306,1520.408163265306,0.07500000000000001,75.00000000000001,25.79329533507707,73.29363933246916,skin+fat+muscle+bone
1579591836.7346938,1579.5918367346937,0.07500000000000001,75.00000000000001,26.42471317306598,72.41841678910285,skin+fat+muscle+bone
1638775510.2040815,1638.7755102040815,0.07500000000000001,75.00000000000001,27.044383327411232,71.55465608609504,skin+fat+muscle+bone
1697959183.6734693,1697.9591836734694,0.07500000000000001,75.00000000000001,27.65318229150298,70.70146736754909,skin+fat+muscle+bone
1757142857.142857,1757.142857142857,0.07500000000000001,75.00000000000001,28.251896321234625,69.85805275410266,skin+fat+muscle+bone
1816326530.6122448,1816.3265306122448,0.07500000000000001,75.00000000000001,28.841233448015732,69.02369402753223,skin+fat+muscle+bone
1875510204.0816326,1875.5102040816325,0.07500000000000001,75.00000000000001,29.421833556687154,68.19774231083082,skin+fat+muscle+bone
1934693877.5510204,1934.6938775510205,0.07500000000000001,75.00000000000001,29.99427689083889,67.3796093677187,skin+fat+muscle+bone
1993877551.0204082,1993.8775510204082,0.07500000000000001,75.00000000000001,30.55909127118362,66.56876022574149,skin+fat+muscle+bone
2053061224.489796,2053.061224489796,0.07500000000000001,75.00000000000001,31.116758253867477,65.76470688832967,skin+fat+muscle+bone
2112244897.9591837,2112.2448979591836,0.07500000000000001,75.00000000000001,31.667718410255052,64.96700294834582,skin+fat+muscle+bone
2171428571.4285717,2171.4285714285716,0.07500000000000001,75.00000000000001,32.21237587445392,64.17523895226608,skin+fat+muscle+bone
2230612244.897959,2230.612244897959,0.07500000000000001,75.00000000000001,32.75110227719382,63.38903839280741,skin+fat+muscle+bone
2289795918.367347,2289.795918367347,0.07500000000000001,75.00000000000001,33.284240162843886,62.60805423041285,skin+fat+muscle+bone
2348979591.836735,2348.979591836735,0.07500000000000001,75.00000000000001,33.81210596899454,61.83196586195385,skin+fat+muscle+bone
2408163265.3061223,2408.1632653061224,0.07500000000000001,75.00000000000001,34.359928326093474,61.02523513068341,skin+fat+muscle+bone
2467346938.7755103,2467.3469387755104,0.07500000000000001,75.00000000000001,35.05964213068993,60.00145772946153,skin+fat+muscle+bone
2526530612.244898,2526.530612244898,0.07500000000000001,75.00000000000001,35.75623101472306,58.97978287733204,skin+fat+muscle+bone
2585714285.714286,2585.714285714286,0.07500000000000001,75.00000000000001,36.449944874224045,57.95995659568558,skin+fat+muscle+bone
2644897959.1836734,2644.8979591836733,0.07500000000000001,75.00000000000001,37.14101801084169,56.94174038744919,skin+fat+muscle+bone
2704081632.6530614,2704.081632653061,0.07500000000000001,75.00000000000001,37.829670537651424,55.92490984063929,skin+fat+muscle+bone
2763265306.122449,2763.265306122449,0.07500000000000001,75.00000000000001,38.5161096332282,54.90925338268977,skin+fat+muscle+bone
2822448979.591837,2822.448979591837,0.07500000000000001,75.00000000000001,39.200530663291154,53.89457116636745,skin+fat+muscle+bone
2881632653.0612245,2881.6326530612246,0.07500000000000001,75.00000000000001,39.88311818642409,52.880674070876516,skin+fat+muscle+bone
2940816326.530612,2940.816326530612,0.07500000000000001,75.00000000000001,40.564046858028185,51.8673828040866,skin+fat+muscle+bone
3000000000.0,3000.0,0.07500000000000001,75.00000000000001,41.24348224468934,50.85452709378248,skin+fat+muscle+bone
100000000.0,100.0,0.08,80.0,-4.091214986508041,108.21228913093502,skin+fat+muscle+bone
159183673.46938777,159.18367346938777,0.08,80.0,0.49934259843154916,102.89189113557426,skin+fat+muscle+bone
218367346.9387755,218.3673469387755,0.08,80.0,3.6153276813199504,99.30318389470433,skin+fat+muscle+bone
277551020.40816325,277.55102040816325,0.08,80.0,5.994618527105597,96.5641901986849,skin+fat+muscle+bone
336734693.877551,336.734693877551,0.08,80.0,7.936259602294296,94.31594177620165,skin+fat+muscle+bone
395918367.3469388,395.9183673469388,0.08,80.0,9.589870459134497,92.38068727412377,skin+fat+muscle+bone
455102040.8163265,455.1020408163265,0.08,80.0,11.055323209581505,90.69032877984668,skin+fat+muscle+bone
514285714.28571427,514.2857142857142,0.08,80.0,12.391850080970103,89.21978793540765,skin+fat+muscle+bone
573469387.755102,573.469387755102,0.08,80.0,13.608334472307046,87.88163197321083,skin+fat+muscle+bone
632653061.2244898,632.6530612244898,0.08,80.0,14.729239527045866,86.64774538233237,skin+fat+muscle+bone
691836734.6938776,691.8367346938776,0.08,80.0,15.772303625598346,85.49804444186279,skin+fat+muscle+bone
751020408.1632653,751.0204081632653,0.08,80.0,16.750798472224034,84.4176987051793,skin+fat+muscle+bone
810204081.632653,810.204081632653,0.08,80.0,17.67491394014705,83.39545142329276,skin+fat+muscle+bone
869387755.1020408,869.3877551020407,0.08,80.0,18.55264524838772,82.42255856850709,skin+fat+muscle+bone
928571428.5714285,928.5714285714286,0.08,80.0,19.400819041330994,81.44229850285897,skin+fat+muscle+bone
987755102.0408163,987.7551020408163,0.08,80.0,20.248969673711972,80.33076533218093,skin+fat+muscle+bone
1046938775.5102041,1046.938775510204,0.08,80.0,21.066058398222857,79.25043493795108,skin+fat+muscle+bone
1106122448.9795918,1106.1224489795918,0.08,80.0,21.85558804413089,78.19770559470595,skin+fat+muscle+bone
1165306122.4489796,1165.3061224489795,0.08,80.0,22.620509669456908,77.1695487243781,skin+fat+muscle+bone
1224489795.9183674,1224.4897959183675,0.08,80.0,23.36333281799628,76.16339314824893,skin+fat+muscle+bone
1283673469.3877552,1283.6734693877552,0.08,80.0,24.086209532412028,75.17703717776962,skin+fat+muscle+bone
1342857142.857143,1342.857142857143,0.08,80.0,24.79099928187521,74.2085808739877,skin+fat+muscle+bone
1402040816.3265307,1402.0408163265306,0.08,80.0,25.47931978307819,73.25637316335106,skin+fat+muscle+bone
1461224489.7959185,1461.2244897959185,0.08,80.0,26.152587240821497,72.31897006197846,skin+fat+muscle+bone
1520408163.265306,1520.408163265306,0.08,80.0,26.812048546843542,71.3951013195041,skin+fat+muscle+bone
1579591836.7346938,1579.5918367346937,0.08,80.0,27.458807292018506,70.48364352382617,skin+fat+muscle+bone
1638775510.2040815,1638.7755102040815,0.08,80.0,28.093844966101827,69.5835982200789,skin+fat+muscle+bone
1697959183.6734693,1697.9591836734694,0.08,80.0,28.718038375701305,68.69407396164596,skin+fat+muscle+bone
1757142857.142857,1757.142857142857,0.08,80.0,29.332174062421455,67.81427147418701,skin+fat+muscle+bone
1816326530.6122448,1816.3265306122448,0.08,80.0,29.936960320729526,66.94347130610021,skin+fat+muscle+bone
1875510204.0816326,1875.5102040816325,0.08,80.0,30.533037279760904,66.08102348127365,skin+fat+muscle+bone
1934693877.5510204,1934.6938775510205,0.08,80.0,31.120985411779536,65.22633877655666,skin+fat+muscle+bone
1993877551.0204082,1993.8775510204082,0.08,80.0,31.70133275310868,64.37888132695524,skin+fat+muscle+bone
2053061224.489796,2053.061224489796,0.08,80.0,32.274561064536584,63.53816232305082,skin+fat+muscle+bone
2112244897.9591837,2112.2448979591836,0.08,80.0,32.84111111282892,62.70373461249875,skin+fat+muscle+bone
2171428571.4285717,2171.4285714285716,0.08,80.0,33.40138721968606,61.87518805423516,skin+fat+muscle+bone
2230612244.897959,2230.612244897959,0.08,80.0,33.95576119681773,61.052145502800116,skin+fat+muscle+bone
2289795918.367347,2289.795918367347,0.08,80.0,34.50457576396275,60.23425932287318,skin+fat+muscle+bone
2348979591.836735,2348.979591836735,0.08,80.0,35.04814752931634,59.42120835212978,skin+fat+muscle+bone
2408163265.3061223,2408.1632653061224,0.08,80.0,35.6131789820232,58.575104483676434,skin+fat+muscle+bone
2467346938.7755103,2467.3469387755104,0.08,80.0,36.33939507985518,57.497134313779284,skin+fat+muscle+bone
2526530612.244898,2526.530612244898,0.08,80.0,37.06261002660197,56.42107359660561,skin+fat+muscle+bone
2585714285.714286,2585.714285714286,0.08,80.0,37.78307504599177,55.34666685644849,skin+fat+muscle+bone
2644897959.1836734,2644.8979591836733,0.08,80.0,38.50102578112869,54.27367408319786,skin+fat+muscle+bone
2704081632.6530614,2704.081632653061,0.08,80.0,39.21668370111307,53.20186933558497,skin+fat+muscle+bone
2763265306.122449,2763.265306122449,0.08,80.0,39.93025735588216,52.131039495207204,skin+fat+muscle+bone
2822448979.591837,2822.448979591837,0.08,80.0,40.64194349858558,51.06098315214365,skin+fat+muscle+bone
2881632653.0612245,2881.6326530612246,0.08,80.0,41.351928092005245,49.99150960576196,skin+fat+muscle+bone
2940816326.530612,2940.816326530612,0.08,80.0,42.060387213181215,48.92243796665032,skin+fat+muscle+bone
3000000000.0,3000.0,0.08,80.0,42.7674878684303,47.85359634757152,skin+fat+muscle+bone
100000000.0,100.0,0.085,85.0,-3.4572576197234275,107.16422487279486,skin+fat+muscle+bone
159183673.46938777,159.18367346938777,0.085,85.0,1.1516804625990273,101.76367515605152,skin+fat+muscle+bone
218367346.9387755,218.3673469387755,0.085,85.0,4.281208634966768,98.12228518137063,skin+fat+muscle+bone
277551020.40816325,277.55102040816325,0.085,85.0,6.672424694287557,95.34229829270625,skin+fat+muscle+bone
336734693.877551,336.734693877551,0.085,85.0,8.625378273275018,93.05846563862241,skin+fat+muscle+bone
395918367.3469388,395.9183673469388,0.085,85.0,10.29008221948791,91.09015496231007,skin+fat+muscle+bone
455102040.8163265,455.1020408163265,0.085,85.0,11.7683245210742,89.36977797853805,skin+fat+muscle+bone
514285714.28571427,514.2857142857142,0.085,85.0,13.12055936477121,87.87369792848834,skin+fat+muscle+bone
573469387.755102,573.469387755102,0.085,85.0,14.352776488533703,86.51103944255861,skin+fat+muscle+bone
632653061.2244898,632.6530612244898,0.085,85.0,15.489458287954015,85.25335415716177,skin+fat+muscle+bone
691836734.6938776,691.8367346938776,0.085,85.0,16.548355697464153,84.08034441337384,skin+fat+muscle+bone
751020408.1632653,751.0204081632653,0.085,85.0,17.542749079985793,82.97703721873569,skin+fat+muscle+bone
810204081.632653,810.204081632653,0.085,85.0,18.482834588953942,81.93207784184321,skin+fat+muscle+bone
869387755.1020408,869.3877551020407,0.085,85.0,19.37661221211807,80.93665304905795,skin+fat+muscle+bone
928571428.5714285,928.5714285714286,0.085,85.0,20.240668649749246,79.93087897624982,skin+fat+muscle+bone
987755102.0408163,987.7551020408163,0.085,85.0,21.103925275801238,78.78341743863851,skin+fat+muscle+bone
1046938775.5102041,1046.938775510204,0.085,85.0,21.936139075411162,77.66715639910356,skin+fat+muscle+bone
1106122448.9795918,1106.1224489795918,0.085,85.0,22.740814415214544,76.57848387368882,skin+fat+muscle+bone
1165306122.4489796,1165.3061224489795,0.085,85.0,23.5209035796279,75.51436322609982,skin+fat+muscle+bone
1224489795.9183674,1224.4897959183675,0.085,85.0,24.27891710790798,74.47221685413481,skin+fat+muscle+bone
1283673469.3877552,1283.6734693877552,0.085,85.0,25.01700786395473,73.44983787932757,skin+fat+muscle+bone
1342857142.857143,1342.857142857143,0.085,85.0,25.7370360048642,72.44532211677014,skin+fat+muscle+bone
1402040816.3265307,1402.0408163265306,0.085,85.0,26.440619831941817,71.4570149785257,skin+fat+muscle+bone
1461224489.7959185,1461.2244897959185,0.085,85.0,27.129176053614607,70.48346953987769,skin+fat+muscle+bone
1520408163.265306,1520.408163265306,0.085,85.0,27.803952001099834,69.52341306404925,skin+fat+muscle+bone
1579591836.7346938,1579.5918367346937,0.085,85.0,28.46605165346084,68.5757200160597,skin+fat+muscle+bone
1638775510.2040815,1638.7755102040815,0.085,85.0,29.116456847282233,67.63939011157295,skin+fat+muscle+bone
1697959183.6734693,1697.9591836734694,0.085,85.0,29.756044702389453,66.71353031325299,skin+fat+muscle+bone
1757142857.142857,1757.142857142857,0.085,85.0,30.385602046098104,65.79733995178152,skin+fat+muscle+bone
1816326530.6122448,1816.3265306122448,0.085,85.0,31.005837435933135,64.89009834217839,skin+fat+muscle+bone
1875510204.0816326,1875.5102040816325,0.085,85.0,31.61739124532447,63.99115440922665,skin+fat+muscle+bone
1934693877.5510204,1934.6938775510205,0.085,85.0,32.220844175210004,63.099917942904796,skin+fat+muscle+bone
1993877551.0204082,1993.8775510204082,0.085,85.0,32.81672447752355,62.215852185679175,skin+fat+muscle+bone
2053061224.489796,2053.061224489796,0.085,85.0,33.40551411769552,61.33846751528215,skin+fat+muscle+bone
2112244897.9591837,2112.2448979591836,0.085,85.0,33.9876540578926,60.467316034161854,skin+fat+muscle+bone
2171428571.4285717,2171.4285714285716,0.085,85.0,34.56354880740802,59.60198691371441,skin+fat+muscle+bone
2230612244.897959,2230.612244897959,0.085,85.0,35.13357035893144,58.74210237030302,skin+fat+muscle+bone
2289795918.367347,2289.795918367347,0.085,85.0,35.69806160757142,57.8873141728437,skin+fat+muscle+bone
2348979591.836735,2348.979591836735,0.085,85.0,36.25733933212796,57.0373005998159,skin+fat+muscle+bone
2408163265.3061223,2408.1632653061224,0.085,85.0,36.839579880442734,56.15182359417963,skin+fat+muscle+bone
2467346938.7755103,2467.3469387755104,0.085,85.0,37.59229827151026,55.01966065560721,skin+fat+muscle+bone
2526530612.244898,2526.530612244898,0.085,85.0,38.3421392809707,53.88921407338934,skin+fat+muscle+bone
2585714285.714286,2585.714285714286,0.085,85.0,39.08935546024931,52.7602268747216,skin+fat+muscle+bone
2644897959.1836734,2644.8979591836733,0.085,85.0,39.83418379390551,51.632457536456705,skin+fat+muscle+bone
2704081632.6530614,2704.081632653061,0.085,85.0,40.57684710706453,50.50567858804084,skin+fat+muscle+bone
2763265306.122449,2763.265306122449,0.085,85.0,41.31755532102594,49.37967536523483,skin+fat+muscle+bone
2822448979.591837,2822.448979591837,0.085,85.0,42.05650657636983,48.254244895430034,skin+fat+muscle+bone
2881632653.0612245,2881.6326530612246,0.085,85.0,42.793888240076214,47.12919489815758,skin+fat+muscle+bone
2940816326.530612,2940.816326530612,0.085,85.0,43.52987781082406,46.00434288672423,skin+fat+muscle+bone
3000000000.0,3000.0,0.085,85.0,44.26464373466108,44.87951535887072,skin+fat+muscle+bone
100000000.0,100.0,0.09000000000000001,90.00000000000001,-2.8473942757062227,106.14025463742212,skin+fat+muscle+bone
159183673.46938777,159.18367346938777,0.09000000000000001,90.00000000000001,1.779924303999096,100.65955319929618,skin+fat+muscle+bone
218367346.9387755,218.3673469387755,0.09000000000000001,90.00000000000001,4.922995565846173,96.96548049080434,skin+fat+muscle+bone
277551020.40816325,277.55102040816325,0.09000000000000001,90.00000000000001,7.326136838702103,94.14450040949501,skin+fat+muscle+bone
336734693.877551,336.734693877551,0.09000000000000001,90.00000000000001,9.29040292148833,91.82508352381058,skin+fat+muscle+bone
395918367.3469388,395.9183673469388,0.09000000000000001,90.00000000000001,10.966199957073915,89.82371667326376,skin+fat+muscle+bone
455102040.8163265,455.1020408163265,0.09000000000000001,90.00000000000001,12.457231809799485,88.07332119999685,skin+fat+muscle+bone
514285714.28571427,514.2857142857142,0.09000000000000001,90.00000000000001,13.825174625804909,86.55170194433643,skin+fat+muscle+bone
573469387.755102,573.469387755102,0.09000000000000001,90.00000000000001,15.073124481992949,85.16454093467382,skin+fat+muscle+bone
632653061.2244898,632.6530612244898,0.09000000000000001,90.00000000000001,16.22558302609476,83.88305695475856,skin+fat+muscle+bone
691836734.6938776,691.8367346938776,0.09000000000000001,90.00000000000001,17.30031374656255,82.6867384076523,skin+fat+muscle+bone
751020408.1632653,751.0204081632653,0.09000000000000001,90.00000000000001,18.310605664980145,81.56046975505947,skin+fat+muscle+bone
810204081.632653,810.204081632653,0.09000000000000001,90.00000000000001,19.26666121499342,80.49279828316108,skin+fat+muscle+bone
869387755.1020408,869.3877551020407,0.09000000000000001,90.00000000000001,20.17648515308101,79.47484155237622,skin+fat+muscle+bone
928571428.5714285,928.5714285714286,0.09000000000000001,90.00000000000001,21.05642423540009,78.44355347240807,skin+fat+muscle+bone
987755102.0408163,987.7551020408163,0.09000000000000001,90.00000000000001,21.9347868551231,77.26016356786351,skin+fat+muscle+bone
1046938775.5102041,1046.938775510204,0.09000000000000001,90.00000000000001,22.782125729832053,76.10797188302345,skin+fat+muscle+bone
1106122448.9795918,1106.1224489795918,0.09000000000000001,90.00000000000001,23.601946763530783,74.9833561754391,skin+fat+muscle+bone
1165306122.4489796,1165.3061224489795,0.09000000000000001,90.00000000000001,24.39720346703148,73.88327175058893,skin+fat+muscle+bone
1224489795.9183674,1224.4897959183675,0.09000000000000001,90.00000000000001,25.170407375052267,72.8051345827881,skin+fat+muscle+bone
1283673469.3877552,1283.6734693877552,0.09000000000000001,90.00000000000001,25.923712172730028,71.74673260365293,skin+fat+muscle+bone
1342857142.857143,1342.857142857143,0.09000000000000001,90.00000000000001,26.658978705085786,70.70615738231999,skin+fat+muscle+bone
1402040816.3265307,1402.0408163265306,0.09000000000000001,90.00000000000001,27.37782585803804,69.68175081646777,skin+fat+muscle+bone
1461224489.7959185,1461.2244897959185,0.09000000000000001,90.00000000000001,28.081670843640307,68.67206304054434,skin+fat+muscle+bone
1520408163.265306,1520.408163265306,0.09000000000000001,90.00000000000001,28.77176143258871,67.67581883136181,skin+fat+muscle+bone
1579591836.7346938,1579.5918367346937,0.09000000000000001,90.00000000000001,29.449201992135766,66.69189053106064,skin+fat+muscle+bone
1638775510.2040815,1638.7755102040815,0.09000000000000001,90.00000000000001,30.11497470569523,65.7192760258344,skin+fat+muscle+bone
1697959183.6734693,1697.9591836734694,0.09000000000000001,90.00000000000001,30.769957006310186,64.75708068762745,skin+fat+muscle+bone
1757142857.142857,1757.142857142857,0.09000000000000001,90.00000000000001,31.414936007007338,63.80450245214347,skin+fat+muscle+bone
1816326530.6122448,1816.3265306122448,0.09000000000000001,90.00000000000001,32.050620528369336,62.86081940102397,skin+fat+muscle+bone
1875510204.0816326,1875.5102040816325,0.09000000000000001,90.00000000000001,32.67765118812062,61.92537935994707,skin+fat+muscle+bone
1934693877.5510204,1934.6938775510205,0.09000000000000001,90.00000000000001,33.29660891587305,60.997591132020354,skin+fat+muscle+bone
1993877551.0204082,1993.8775510204082,0.09000000000000001,90.00000000000001,33.90802217917102,60.07691706717052,skin+fat+muscle+bone
2053061224.489796,2053.061224489796,0.09000000000000001,90.00000000000001,34.512373148087036,59.16286673028088,skin+fat+muscle+bone
2112244897.9591837,2112.2448979591836,0.09000000000000001,90.00000000000001,35.11010298018887,58.25499147859237,skin+fat+muscle+bone
2171428571.4285717,2171.4285714285716,0.09000000000000001,90.00000000000001,35.701616372362565,57.35287979596107,skin+fat+muscle+bone
2230612244.897959,2230.612244897959,0.09000000000000001,90.00000000000001,36.287285498277754,56.456153260573345,skin+fat+muscle+bone
2289795918.367347,2289.795918367347,0.09000000000000001,90.00000000000001,36.86745342841269,55.56446304558163,skin+fat+muscle+bone
2348979591.836735,2348.979591836735,0.09000000000000001,90.00000000000001,37.44243711217217,54.67748687026943,skin+fat+muscle+bone
2408163265.3061223,2408.1632653061224,0.09000000000000001,90.00000000000001,38.04188675609487,53.75263672745025,skin+fat+muscle+bone
2467346938.7755103,2467.3469387755104,0.09000000000000001,90.00000000000001,38.82110744039791,52.56628102020257,skin+fat+muscle+bone
2526530612.244898,2526.530612244898,0.09000000000000001,90.00000000000001,39.59757451257201,51.3814485729405,skin+fat+muscle+bone
2585714285.714286,2585.714285714286,0.09000000000000001,90.00000000000001,40.371541851739444,50.19788091576211,skin+fat+muscle+bone
2644897959.1836734,2644.8979591836733,0.09000000000000001,90.00000000000001,41.143247783914916,49.01533501248298,skin+fat+muscle+bone
2704081632.6530614,2704.081632653061,0.09000000000000001,90.00000000000001,41.91291649024859,47.83358186326411,skin+fat+muscle+bone
2763265306.122449,2763.265306122449,0.09000000000000001,90.00000000000001,42.68075926340231,46.65240525802987,skin+fat+muscle+bone
2822448979.591837,2822.448979591837,0.09000000000000001,90.00000000000001,43.446975631386664,45.47160066148382,skin+fat+muscle+bone
2881632653.0612245,2881.6326530612246,0.09000000000000001,90.00000000000001,44.21175436537977,44.290974213320624,skin+fat+muscle+bone
2940816326.530612,2940.816326530612,0.09000000000000001,90.00000000000001,44.97527438569949,43.11034182956553,skin+fat+muscle+bone
3000000000.0,3000.0,0.09000000000000001,90.00000000000001,45.73770557812444,41.92952839293733,skin+fat+muscle+bone
100000000.0,100.0,0.095,95.0,-2.259272844513304,105.13802631487367,skin+fat+muscle+bone
159183673.46938777,159.18367346938777,0.095,95.0,2.386426232574881,99.57717315536514,skin+fat+muscle+bone
218367346.9387755,218.3673469387755,0.095,95.0,5.543040583901294,95.83041771306235,skin+fat+muscle+bone
277551020.40816325,277.55102040816325,0.095,95.0,7.958107070292367,92.96844443910805,skin+fat+muscle+bone
336734693.877551,336.734693877551,0.095,95.0,9.933685656877355,90.61344332182303,skin+fat+muscle+bone
395918367.3469388,395.9183673469388,0.095,95.0,11.620575781835635,88.57902029704174,skin+fat+muscle+bone
455102040.8163265,455.1020408163265,0.095,95.0,13.124397185700483,86.79860633427994,skin+fat+muscle+bone
514285714.28571427,514.2857142857142,0.095,95.0,14.508047974014321,85.2514478730088,skin+fat+muscle+bone
573469387.755102,573.469387755102,0.095,95.0,15.771730562627907,83.83978433961332,skin+fat+muscle+bone
632653061.2244898,632.6530612244898,0.095,95.0,16.939965851411213,82.53450166517963,skin+fat+muscle+bone
691836734.6938776,691.8367346938776,0.095,95.0,18.030529882836667,81.31487431475504,skin+fat+muscle+bone
751020408.1632653,751.0204081632653,0.095,95.0,19.056720337150203,80.16564420420752,skin+fat+muscle+bone
810204081.632653,810.204081632653,0.095,95.0,20.02874592820861,79.07526063730324,skin+fat+muscle+bone
869387755.1020408,869.3877551020407,0.095,95.0,20.954616181219663,78.03477196851878,skin+fat+muscle+bone
928571428.5714285,928.5714285714286,0.095,95.0,21.850437908226645,76.9779698813906,skin+fat+muscle+bone
987755102.0408163,987.7551020408163,0.095,95.0,22.743906521620673,75.75865160991282,skin+fat+muscle+bone
1046938775.5102041,1046.938775510204,0.095,95.0,23.60637047142867,74.57052927976764,skin+fat+muscle+bone
1106122448.9795918,1106.1224489795918,0.095,95.0,24.441337199022737,73.40997039001368,skin+fat+muscle+bone
1165306122.4489796,1165.3061224489795,0.095,95.0,25.251761441610782,72.27392218790233,skin+fat+muscle+bone
1224489795.9183674,1224.4897959183675,0.095,95.0,26.040155729372273,71.15979422426568,skin+fat+muscle+bone
1283673469.3877552,1283.6734693877552,0.095,95.0,26.808674568681035,70.0653692408026,skin+fat+muscle+bone
1342857142.857143,1342.857142857143,0.095,95.0,27.559179492483086,68.98873456069414,skin+fat+muscle+bone
1402040816.3265307,1402.0408163265306,0.095,95.0,28.293289971309974,67.9282285672341,skin+fat+muscle+bone
1461224489.7959185,1461.2244897959185,0.095,95.0,29.01242372084172,66.8823984540353,skin+fat+muscle+bone
1520408163.265306,1520.408163265306,0.095,95.0,29.717828951253306,65.84996651149865,skin+fat+muscle+bone
1579591836.7346938,1579.5918367346937,0.095,95.0,30.41061041798641,64.82980295888585,skin+fat+muscle+bone
1638775510.2040815,1638.7755102040815,0.095,95.0,31.091750651283938,63.820903852920154,skin+fat+muscle+bone
1697959183.6734693,1697.9591836734694,0.095,95.0,31.762127397406633,62.822372974826195,skin+fat+muscle+bone
1757142857.142857,1757.142857142857,0.095,95.0,32.422528055092286,61.833406865329685,skin+fat+muscle+bone
1816326530.6122448,1816.3265306122448,0.095,95.0,33.073661707981245,60.85328237269384,skin+fat+muscle+bone
1875510204.0816326,1875.5102040816325,0.095,95.0,33.71616921809248,59.88134622349179,skin+fat+muscle+bone
1934693877.5510204,1934.6938775510205,0.095,95.0,34.350631743711816,58.917006233960194,skin+fat+muscle+bone
1993877551.0204082,1993.8775510204082,0.095,95.0,34.97757796799419,57.959723861486154,skin+fat+muscle+bone
2053061224.489796,2053.061224489796,0.095,95.0,35.59749026565426,57.009007858103914,skin+fat+muscle+bone
2112244897.9591837,2112.2448979591836,0.095,95.0,36.21080998966085,56.06440883584718,skin+fat+muscle+bone
2171428571.4285717,2171.4285714285716,0.095,95.0,36.81794202449283,55.12551459103202,skin+fat+muscle+bone
2230612244.897959,2230.612244897959,0.095,95.0,37.41925872479977,54.19194606366794,skin+fat+muscle+bone
2289795918.367347,2289.795918367347,0.095,95.0,38.01510333642966,53.26335383114385,skin+fat+muscle+bone
2348979591.836735,2348.979591836735,0.095,95.0,38.60579297939209,52.339415053547256,skin+fat+muscle+bone
2408163265.3061223,2408.1632653061224,0.095,95.0,39.222451718922706,51.37519177354515,skin+fat+muscle+bone
2467346938.7755103,2467.3469387755104,0.095,95.0,40.028174696461285,50.13464329762221,skin+fat+muscle+bone
2526530612.244898,2526.530612244898,0.095,95.0,40.83126783134903,48.89542498531595,skin+fat+muscle+bone
2585714285.714286,2585.714285714286,0.095,95.0,41.63198633040528,47.65727686962691,skin+fat+muscle+bone
2644897959.1836734,2644.8979591836733,0.095,95.0,42.43056986110004,46.41995440133353,skin+fat+muscle+bone
2704081632.6530614,2704.081632653061,0.095,95.0,43.22724396060835,45.18322705131167,skin+fat+muscle+bone
2763265306.122449,2763.265306122449,0.095,95.0,44.022221292954384,43.9468770636492,skin+fat+muscle+bone
2822448979.591837,2822.448979591837,0.095,95.0,44.81570277357922,42.710698340361915,skin+fat+muscle+bone
2881632653.0612245,2881.6326530612246,0.095,95.0,45.60787857785904,41.47449544130794,skin+fat+muscle+bone
2940816326.530612,2940.816326530612,0.095,95.0,46.39892904775064,40.238082685231134,skin+fat+muscle+bone
3000000000.0,3000.0,0.095,95.0,47.18902550876352,39.001283339828234,skin+fat+muscle+bone
100000000.0,100.0,0.1,100.0,-1.6908696729534052,104.15551625195823,skin+fat+muscle+bone
159183673.46938777,159.18367346938777,0.1,100.0,2.973209901517643,98.51451137106712,skin+fat+muscle+bone
218367346.9387755,218.3673469387755,0.1,100.0,6.143367342323394,94.71507319495336,skin+fat+muscle+bone
277551020.40816325,277.55102040816325,0.1,100.0,8.570359042249606,91.81210672835411,skin+fat+muscle+bone
336734693.877551,336.734693877551,0.1,100.0,10.557250132633362,89.42152137946849,skin+fat+muscle+bone
395918367.3469388,395.9183673469388,0.1,100.0,12.255233346964335,87.35404218045275,skin+fat+muscle+bone
455102040.8163265,455.1020408163265,0.1,100.0,13.77184430196846,85.54360972819605,skin+fat+muscle+bone
514285714.28571427,514.2857142857142,0.1,100.0,15.171203062590713,83.9709120613142,skin+fat+muscle+bone
573469387.755102,573.469387755102,0.1,100.0,16.450618383629845,82.53474600418582,skin+fat+muscle+bone
632653061.2244898,632.6530612244898,0.1,100.0,17.634630417094648,81.20566463523373,skin+fat+muscle+bone
691836734.6938776,691.8367346938776,0.1,100.0,18.74102775947776,79.9627284814908,skin+fat+muscle+bone
751020408.1632653,751.0204081632653,0.1,100.0,19.78311674968725,78.79053691298861,skin+fat+muscle+bone
810204081.632653,810.204081632653,0.1,100.0,20.771112381790786,77.67744125107842,skin+fat+muscle+bone
869387755.1020408,869.3877551020407,0.1,100.0,21.7130289497253,76.61442064429434,skin+fat+muscle+bone
928571428.5714285,928.5714285714286,0.1,100.0,22.624733321420184,75.53210455000617,skin+fat+muscle+bone
987755102.0408163,987.7551020408163,0.1,100.0,23.533307928485225,74.27685791159512,skin+fat+muscle+bone
1046938775.5102041,1046.938775510204,0.1,100.0,24.410896953392253,73.05280493614484,skin+fat+muscle+bone
1106122448.9795918,1106.1224489795918,0.1,100.0,25.261009374881667,71.85630286422128,skin+fat+muscle+bone
1165306122.4489796,1165.3061224489795,0.1,100.0,26.08660115655706,70.68429088484876,skin+fat+muscle+bone
1224489795.9183674,1224.4897959183675,0.1,100.0,26.890185824059255,69.53417212537629,skin+fat+muscle+bone
1283673469.3877552,1283.6734693877552,0.1,100.0,27.673918704999025,68.40372413758526,skin+fat+muscle+bone
1342857142.857143,1342.857142857143,0.1,100.0,28.43966202024736,67.2910299987013,skin+fat+muscle+bone
1402040816.3265307,1402.0408163265306,0.1,100.0,29.18903582494889,66.19442457763347,skin+fat+muscle+bone
1461224489.7959185,1461.2244897959185,0.1,100.0,29.923458338410114,65.11245212715924,skin+fat+muscle+bone
1520408163.265306,1520.408163265306,0.1,100.0,30.644178210284878,64.0438324512685,skin+fat+muscle+bone
1579591836.7346938,1579.5918367346937,0.1,100.0,31.35230058420403,62.98743364634409,skin+fat+muscle+bone
1638775510.2040815,1638.7755102040815,0.1,100.0,32.04880833723963,61.94224993963893,skin+fat+muscle+bone
1697959183.6734693,1697.9591836734694,0.1,100.0,32.73457952887006,60.90738352165796,skin+fat+muscle+bone
1757142857.142857,1757.142857142857,0.1,100.0,33.41040184354422,59.88202953814893,skin+fat+muscle+bone
1816326530.6122448,1816.3265306122448,0.1,100.0,34.076984627960144,58.86546360399673,skin+fat+muscle+bone
1875510204.0816326,1875.5102040816325,0.1,100.0,34.734968988431326,57.8570313466695,skin+fat+muscle+bone
1934693877.5510204,1934.6938775510205,0.1,100.0,35.38493631191756,56.85613959553305,skin+fat+muscle+bone
1993877551.0204082,1993.8775510204082,0.1,100.0,36.02741549718435,55.862248915434805,skin+fat+muscle+bone
2053061224.489796,2053.061224489796,0.1,100.0,36.66288912358847,54.87486724555996,skin+fat+muscle+bone
2112244897.9591837,2112.2448979591836,0.1,100.0,37.29179873949982,53.893544452735014,skin+fat+muscle+bone
2171428571.4285717,2171.4285714285716,0.1,100.0,37.91454941699007,52.91786764573599,skin+fat+muscle+bone
2230612244.897959,2230.612244897959,0.1,100.0,38.53151369168877,51.94745712639556,skin+fat+muscle+bone
2289795918.367347,2289.795918367347,0.1,100.0,39.14303498481362,50.98196287633908,skin+fat+muscle+bone
2348979591.836735,2348.979591836735,0.1,100.0,39.749430586978995,50.02106149645809,skin+fat+muscle+bone
2408163265.3061223,2408.1632653061224,0.1,100.0,40.38329842211752,49.017465079273066,skin+fat+muscle+bone
2467346938.7755103,2467.3469387755104,0.1,100.0,41.21552369289164,47.72272383467486,skin+fat+muscle+bone
2526530612.244898,2526.530612244898,0.1,100.0,42.04524289049304,46.42911965732441,skin+fat+muscle+bone
2585714285.714286,2585.714285714286,0.1,100.0,42.87271254943811,45.13639108312473,skin+fat+muscle+bone
2644897959.1836734,2644.8979591836733,0.1,100.0,43.69817367865214,43.844292049817085,skin+fat+muscle+bone
2704081632.6530614,2704.081632653061,0.1,100.0,44.521853171335096,42.552590498992245,skin+fat+muscle+bone
2763265306.122449,2763.265306122449,0.1,100.0,45.34396506287345,41.261067128901544,skin+fat+muscle+bone
2822448979.591837,2822.448979591837,0.1,100.0,46.16471165613874,39.96951427887301,skin+fat+muscle+bone
2881632653.0612245,2881.6326530612246,0.1,100.0,46.984284530705295,38.677734928928274,skin+fat+muscle+bone
2940816326.530612,2940.816326530612,0.1,100.0,47.80286545016877,37.38554180052974,skin+fat+muscle+bone
3000000000.0,3000.0,0.1,100.0,48.620627179769585,36.09275654635215,skin+fat+muscle+bone
